Master ID,Item ID,Parent ID,Menu Name,Menu Group,Subgroup,Menu Item,Avg Price,Item Qty,Gross Amount,Discount Amount,Net Amount,% Qty (Group),% Qty (Menu),% Qty (All),% Net Amt (Group),% Net Amt (Menu),% Net Amt (All)
,,,ALL MENUS,,,,8.712363636363637,54.0,459.19,13.99,445.20,0,0,0,0,0,0
,,,Food Menu,,,,13.456470588235293,17.0,228.76,13.99,214.77,0,0,0.3148148148148148,0,0,0.4824123989218329
1600000000375910510,1600000000375910509,,Food Menu,Appetizers,,,13.09,3.0,39.26,0.00,39.26,0,0.17647058823529413,0.05555555555555555,0,0.1828002048703264,0.08818508535489668
1600000000375910512,1600000000375910511,1600000000375910510,Food Menu,Appetizers,,Chicken Wings,12.99,2.0,25.98,0.00,25.98,0.6666666666666666,0.11764705882352941,0.037037037037037035,0.6617422312786552,0.12096661544908506,0.05835579514824798
1600000000375910514,1600000000375910513,1600000000375910510,Food Menu,Appetizers,,Crispy Fish,0.00,0.0,0.00,0.00,0.00,0,0,0,0,0,0
1600000000375910516,1600000000375910515,1600000000375910510,Food Menu,Appetizers,,Fried Shrimp,0.00,0.0,0.00,0.00,0.00,0,0,0,0,0,0
1600000000375910518,1600000000375910517,1600000000375910510,Food Menu,Appetizers,,Chicken Tenders,0.00,0.0,0.00,0.00,0.00,0,0,0,0,0,0
1600000000375910520,1600000000375910519,1600000000375910510,Food Menu,Appetizers,,Loaded Fries,13.28,1.0,13.28,0.00,13.28,0.3333333333333333,0.058823529411764705,0.018518518518518517,0.3382577687213449,0.06183358942124132,0.029829290206648696
1600000000454770812,1600000000454732125,1600000000375910510,Food Menu,Appetizers,,Wing Wednesday,0.00,0.0,0.00,0.00,0.00,0,0,0,0,0,0
1600000000631459782,1600000000631459781,1600000000375910510,Food Menu,Appetizers,,15 Game Day Wings,0.00,0.0,0.00,0.00,0.00,0,0,0,0,0,0
1600000000645346593,1600000000645346592,1600000000375910510,Food Menu,Appetizers,,777,0.00,0.0,0.00,0.00,0.00,0,0,0,0,0,0
1600000000698429037,1600000000698429036,1600000000375910510,Food Menu,Appetizers,,Manchurian,0.00,0.0,0.00,0.00,0.00,0,0,0,0,0,0
1600000000723131341,1600000000723131340,1600000000375910510,Food Menu,Appetizers,,Jungle Fire,0.00,0.0,0.00,0.00,0.00,0,0,0,0,0,0
1600000000876248613,1600000000876248612,1600000000375910510,Food Menu,Appetizers,,$5 Wings,0.00,0.0,0.00,0.00,0.00,0,0,0,0,0,0
1600000001158621026,1600000001158621025,1600000000375910510,Food Menu,Appetizers,,Samosa Supreme,0.00,0.0,0.00,0.00,0.00,0,0,0,0,0,0
1600000001202042518,1600000001202042517,1600000000375910510,Food Menu,Appetizers,,Paneer and  Cheese croquettes,0.00,0.0,0.00,0.00,0.00,0,0,0,0,0,0
1600000000375910524,1600000000375910523,,Food Menu,Quick Bites,,,10.64,2.0,21.28,0.00,21.28,0,0.11764705882352941,0.037037037037037035,0,0.09908273967500117,0.04779874213836478
1600000000375910526,1600000000375910525,1600000000375910524,Food Menu,Quick Bites,,Mozarella Sticks,0.00,0.0,0.00,0.00,0.00,0,0,0,0,0,0
1600000000375910528,1600000000375910527,1600000000375910524,Food Menu,Quick Bites,,Jalepeno Poppers,11.29,1.0,11.29,0.00,11.29,0.5,0.058823529411764705,0.018518518518518517,0.5305451127819548,0.052567863295618564,0.02535938903863432
1600000000375910530,1600000000375910529,1600000000375910524,Food Menu,Quick Bites,,Falafel,0.00,0.0,0.00,0.00,0.00,0,0,0,0,0,0
1600000000375910532,1600000000375910531,1600000000375910524,Food Menu,Quick Bites,,Onion Rings,9.99,1.0,9.99,0.00,9.99,0.5,0.058823529411764705,0.018518518518518517,0.4694548872180451,0.04651487637938259,0.02243935309973046
1600000000375910540,1600000000375910539,1600000000375910524,Food Menu,Quick Bites,,Chicken Nuggets,0.00,0.0,0.00,0.00,0.00,0,0,0,0,0,0
1600000000375910542,1600000000375910541,,Food Menu,Burgers,,,14.49,2.0,28.98,0.00,28.98,0,0.11764705882352941,0.037037037037037035,0,0.134935046794245,0.06509433962264151
1600000000375910544,1600000000375910543,1600000000375910542,Food Menu,Burgers,,Sizzling Smash,0.00,0.0,0.00,0.00,0.00,0,0,0,0,0,0
1600000000375910546,1600000000375910545,1600000000375910542,Food Menu,Burgers,,Double Down,15.99,1.0,15.99,0.00,15.99,0.5,0.058823529411764705,0.018518518518518517,0.55175983436853,0.07445173906970247,0.03591644204851752
1600000000375910548,1600000000375910547,1600000000375910542,Food Menu,Burgers,,3 Pointer,12.99,1.0,12.99,0.00,12.99,0.5,0.058823529411764705,0.018518518518518517,0.44824016563146996,0.06048330772454253,0.02917789757412399
1600000000375910600,1600000000375910549,1600000000375910542,Food Menu,Burgers,,Victory Burger,0.00,0.0,0.00,0.00,0.00,0,0,0,0,0,0
1600000000375910602,1600000000375910601,,Food Menu,Wraps,,,13.99,1.0,13.99,13.99,0.00,0,0.058823529411764705,0.018518518518518517,0,0.0,0.0
1600000000375910604,1600000000375910603,1600000000375910602,Food Menu,Wraps,,Steak Wrap,0.00,0.0,0.00,0.00,0.00,0,0,0,0,0,0
1600000000375910606,1600000000375910605,1600000000375910602,Food Menu,Wraps,,Lamb Wrap,0.00,0.0,0.00,0.00,0.00,0,0,0,0,0,0
1600000000375910608,1600000000375910607,1600000000375910602,Food Menu,Wraps,,Chicken Wrap,13.99,1.0,13.99,13.99,0.00,1.0,0.058823529411764705,0.018518518518518517,0,0.0,0.0
1600000000375910610,1600000000375910609,1600000000375910602,Food Menu,Wraps,,Falafel Wrap,0.00,0.0,0.00,0.00,0.00,0,0,0,0,0,0
1600000000375910612,1600000000375910611,,Food Menu,Pita Crave,,,13.99,2.0,27.98,0.00,27.98,0,0.11764705882352941,0.037037037037037035,0,0.130278903012525,0.062848158131177
1600000000375910614,1600000000375910613,1600000000375910612,Food Menu,Pita Crave,,Grill Chicken Pitawich,13.99,2.0,27.98,0.00,27.98,1.0,0.11764705882352941,0.037037037037037035,1.0,0.130278903012525,0.062848158131177
1600000000375910616,1600000000375910615,1600000000375910612,Food Menu,Pita Crave,,Crispy Chicken Pitawich,0.00,0.0,0.00,0.00,0.00,0,0,0,0,0,0
1600000000375910618,1600000000375910617,1600000000375910612,Food Menu,Pita Crave,,Steak Pitawich,0.00,0.0,0.00,0.00,0.00,0,0,0,0,0,0
1600000000375910620,1600000000375910619,1600000000375910612,Food Menu,Pita Crave,,Falafel Pitawich,0.00,0.0,0.00,0.00,0.00,0,0,0,0,0,0
1600000000375910622,1600000000375910621,,Food Menu,Philly Station,,,13.99,1.0,13.99,0.00,13.99,0,0.058823529411764705,0.018518518518518517,0,0.0651394515062625,0.0314240790655885
1600000000375910624,1600000000375910623,1600000000375910622,Food Menu,Philly Station,,Grill Chicken Philly Melt,0.00,0.0,0.00,0.00,0.00,0,0,0,0,0,0
1600000000375910626,1600000000375910625,1600000000375910622,Food Menu,Philly Station,,Crispy Chicken Philly Crunch,13.99,1.0,13.99,0.00,13.99,1.0,0.058823529411764705,0.018518518518518517,1.0,0.0651394515062625,0.0314240790655885
1600000000375910628,1600000000375910627,1600000000375910622,Food Menu,Philly Station,,Cheese Steak Philly Melt,0.00,0.0,0.00,0.00,0.00,0,0,0,0,0,0
1600000000375910630,1600000000375910629,1600000000375910622,Food Menu,Philly Station,,Chop Cheese Philly Melt,0.00,0.0,0.00,0.00,0.00,0,0,0,0,0,0
1600000000375910632,1600000000375910631,1600000000375910622,Food Menu,Philly Station,,Heavy Duty Philly Supreme,0.00,0.0,0.00,0.00,0.00,0,0,0,0,0,0
1600000000375910634,1600000000375910633,,Food Menu,Grill and Chill Platters,,,14.99,1.0,14.99,0.00,14.99,0,0.058823529411764705,0.018518518518518517,0,0.06979559528798249,0.03367026055705301
1600000000375910636,1600000000375910635,1600000000375910634,Food Menu,Grill and Chill Platters,,Grill Chicken Power Platter,0.00,0.0,0.00,0.00,0.00,0,0,0,0,0,0
1600000000375910638,1600000000375910637,1600000000375910634,Food Menu,Grill and Chill Platters,,Crispy Chicken Platter,14.99,1.0,14.99,0.00,14.99,1.0,0.058823529411764705,0.018518518518518517,1.0,0.06979559528798249,0.03367026055705301
1600000000375910640,1600000000375910639,1600000000375910634,Food Menu,Grill and Chill Platters,,Beast Combo Platter,0.00,0.0,0.00,0.00,0.00,0,0,0,0,0,0
1600000000375910642,1600000000375910641,1600000000375910634,Food Menu,Grill and Chill Platters,,Falafel Fiesta Platter,0.00,0.0,0.00,0.00,0.00,0,0,0,0,0,0
1600000000375910644,1600000000375910643,1600000000375910634,Food Menu,Grill and Chill Platters,,Crispy Catch Platter,0.00,0.0,0.00,0.00,0.00,0,0,0,0,0,0
1600000000375910646,1600000000375910645,1600000000375910634,Food Menu,Grill and Chill Platters,,Baja Shrimp Platter,0.00,0.0,0.00,0.00,0.00,0,0,0,0,0,0
1600000000375910648,1600000000375910647,1600000000375910634,Food Menu,Grill and Chill Platters,,Steak Supreme Platter,0.00,0.0,0.00,0.00,0.00,0,0,0,0,0,0
1600000000409985513,1600000000409832645,1600000000375910634,Food Menu,Grill and Chill Platters,,Lamb Platter,0.00,0.0,0.00,0.00,0.00,0,0,0,0,0,0
1600000000375910650,1600000000375910649,,Food Menu,Salads,,,0.00,0.0,0.00,0.00,0.00,0,0,0,0,0,0
1600000000375910652,1600000000375910651,1600000000375910650,Food Menu,Salads,,Chicken Power Bowl,0.00,0.0,0.00,0.00,0.00,0,0,0,0,0,0
1600000000375910654,1600000000375910653,1600000000375910650,Food Menu,Salads,,Lamb Garden Bowl,0.00,0.0,0.00,0.00,0.00,0,0,0,0,0,0
1600000000375910656,1600000000375910655,1600000000375910650,Food Menu,Salads,,Falafel Crunch Bowl,0.00,0.0,0.00,0.00,0.00,0,0,0,0,0,0
1600000000375910658,1600000000375910657,1600000000375910650,Food Menu,Salads,,Steak House Salad,0.00,0.0,0.00,0.00,0.00,0,0,0,0,0,0
1600000000375910660,1600000000375910659,,Food Menu,Desserts,,,0.00,0.0,0.00,0.00,0.00,0,0,0,0,0,0
1600000000375910662,1600000000375910661,1600000000375910660,Food Menu,Desserts,,Nutella Cheese Cake,0.00,0.0,0.00,0.00,0.00,0,0,0,0,0,0
1600000000375910664,1600000000375910663,1600000000375910660,Food Menu,Desserts,,Cheese Cake,0.00,0.0,0.00,0.00,0.00,0,0,0,0,0,0
1600000000375910666,1600000000375910665,1600000000375910660,Food Menu,Desserts,,Leches Cake,0.00,0.0,0.00,0.00,0.00,0,0,0,0,0,0
1600000000375910668,1600000000375910667,1600000000375910660,Food Menu,Desserts,,Red Velvet Cake,0.00,0.0,0.00,0.00,0.00,0,0,0,0,0,0
1600000000375910670,1600000000375910669,1600000000375910660,Food Menu,Desserts,,Carrot Cake,0.00,0.0,0.00,0.00,0.00,0,0,0,0,0,0
1600000000375910672,1600000000375910671,,Food Menu,Thick Shakes,,,0.00,0.0,0.00,0.00,0.00,0,0,0,0,0,0
1600000000375910675,1600000000375910674,1600000000375910672,Food Menu,Thick Shakes,,Vanila Vibe,0.00,0.0,0.00,0.00,0.00,0,0,0,0,0,0
1600000000375910678,1600000000375910677,1600000000375910672,Food Menu,Thick Shakes,,Choclate Rush,0.00,0.0,0.00,0.00,0.00,0,0,0,0,0,0
1600000000375910680,1600000000375910679,1600000000375910672,Food Menu,Thick Shakes,,Strawbery Swirl,0.00,0.0,0.00,0.00,0.00,0,0,0,0,0,0
1600000000375910682,1600000000375910681,1600000000375910672,Food Menu,Thick Shakes,,Mango Mood,0.00,0.0,0.00,0.00,0.00,0,0,0,0,0,0
1600000000375910684,1600000000375910683,1600000000375910672,Food Menu,Thick Shakes,,Oreo Craze,0.00,0.0,0.00,0.00,0.00,0,0,0,0,0,0
1600000000394978271,1600000000394978270,,Food Menu,Bar Bites,,,0.00,0.0,0.00,0.00,0.00,0,0,0,0,0,0
1600000000402457569,1600000000402457568,1600000000394978271,Food Menu,Bar Bites,,Monkey Masala Peanuts,0.00,0.0,0.00,0.00,0.00,0,0,0,0,0,0
1600000000402457571,1600000000402457570,1600000000394978271,Food Menu,Bar Bites,,Monkey Masala Roasted Chickpeas,0.00,0.0,0.00,0.00,0.00,0,0,0,0,0,0
1600000000402457573,1600000000402457572,1600000000394978271,Food Menu,Bar Bites,,Golden Monkey Mix,0.00,0.0,0.00,0.00,0.00,0,0,0,0,0,0
1600000000402457575,1600000000402457574,1600000000394978271,Food Menu,Bar Bites,,Double Golden Monkey Mix,0.00,0.0,0.00,0.00,0.00,0,0,0,0,0,0
1600000000409820288,1600000000410183868,,Food Menu,Gyros,,,17.03,2.0,34.06,0.00,34.06,0,0.11764705882352941,0.037037037037037035,0,0.1585882572053825,0.07650494159928123
1600000000410047388,1600000000410320826,1600000000409820288,Food Menu,Gyros,,Falafel Gyro,0.00,0.0,0.00,0.00,0.00,0,0,0,0,0,0
1600000000410047389,1600000000410320827,1600000000409820288,Food Menu,Gyros,,Chicken Gyro,0.00,0.0,0.00,0.00,0.00,0,0,0,0,0,0
1600000000449341364,1600000000449364881,1600000000409820288,Food Menu,Gyros,,Lamb Gyro,17.03,2.0,34.06,0.00,34.06,1.0,0.11764705882352941,0.037037037037037035,1.0,0.1585882572053825,0.07650494159928123
1600000000505928533,1600000000505928532,1600000000409820288,Food Menu,Gyros,,Combo gyro,0.00,0.0,0.00,0.00,0.00,0,0,0,0,0,0
1600000000505963786,1600000000505963785,1600000000409820288,Food Menu,Gyros,,Steak gyro,0.00,0.0,0.00,0.00,0.00,0,0,0,0,0,0
1600000000417377179,1600000000417450547,,Food Menu,5 Monkey's Classics,,,29.99,1.0,29.99,0.00,29.99,0,0.058823529411764705,0.018518518518518517,0,0.13963775201378217,0.06736298292902067
1600000000417580100,1600000000417450548,1600000000417377179,Food Menu,5 Monkey's Classics,,Rib Eye Steak,29.99,1.0,29.99,0.00,29.99,1.0,0.058823529411764705,0.018518518518518517,1.0,0.13963775201378217,0.06736298292902067
1600000000417375329,1600000000417348640,1600000000417377179,Food Menu,5 Monkey's Classics,,New York Steak,0.00,0.0,0.00,0.00,0.00,0,0,0,0,0,0
1600000000417581806,1600000000417449813,1600000000417377179,Food Menu,5 Monkey's Classics,,Lamb Chops,0.00,0.0,0.00,0.00,0.00,0,0,0,0,0,0
1600000000463104719,1600000000463104720,1600000000417377179,Food Menu,5 Monkey's Classics,,T Bone Steak,0.00,0.0,0.00,0.00,0.00,0,0,0,0,0,0
1600000000613835251,1600000000613835250,1600000000417377179,Food Menu,5 Monkey's Classics,,Beef Ribs,0.00,0.0,0.00,0.00,0.00,0,0,0,0,0,0
1600000000459007378,1600000000459217317,,Food Menu,Sides,,,2.12,2.0,4.24,0.00,4.24,0,0.11764705882352941,0.037037037037037035,0,0.019742049634492713,0.009523809523809525
1600000000458632931,1600000000459705286,1600000000459007378,Food Menu,Sides,,Side Rice,0.00,0.0,0.00,0.00,0.00,0,0,0,0,0,0
1600000000459000796,1600000000459622206,1600000000459007378,Food Menu,Sides,,Side Fries,3.49,1.0,3.49,0.00,3.49,0.5,0.058823529411764705,0.018518518518518517,0.8231132075471698,0.01624994179820273,0.007839173405211142
1600000000700919600,1600000000700917699,1600000000459007378,Food Menu,Sides,,Pita,0.00,0.0,0.00,0.00,0.00,0,0,0,0,0,0
1600000000750390633,1600000000750390632,1600000000459007378,Food Menu,Sides,,Salad,0.00,0.0,0.00,0.00,0.00,0,0,0,0,0,0
1600000000871281758,1600000000871281757,1600000000459007378,Food Menu,Sides,,Sub Onion Rings,0.00,0.0,0.00,0.00,0.00,0,0,0,0,0,0
1600000001243998080,1600000001243998079,1600000000459007378,Food Menu,Sides,,Onion Lemon Salad,0.00,0.0,0.00,0.00,0.00,0,0,0,0,0,0
1600000001251127297,1600000001251121635,1600000000459007378,Food Menu,Sides,,Side SauceS,0.75,1.0,0.75,0.00,0.75,0.5,0.058823529411764705,0.018518518518518517,0.17688679245283018,0.0034921078362899847,0.0016846361185983828
1600000000533600834,1600000000533600833,,Food Menu,Roadrunner Specials,,,0.00,0.0,0.00,0.00,0.00,0,0,0,0,0,0
1600000000840475155,1600000000840475154,,Food Menu,Mandi,,,0.00,0.0,0.00,0.00,0.00,0,0,0,0,0,0
1600000000840478404,1600000000840478403,1600000000840475155,Food Menu,Mandi,,Juicy Chicken Mandi,0.00,0.0,0.00,0.00,0.00,0,0,0,0,0,0
1600000000840478406,1600000000840478405,1600000000840475155,Food Menu,Mandi,,Juicly Paneer Mandi,0.00,0.0,0.00,0.00,0.00,0,0,0,0,0,0
1600000000942402359,1600000000942402358,1600000000840475155,Food Menu,Mandi,,2 Juicy Chicken Mandi,0.00,0.0,0.00,0.00,0.00,0,0,0,0,0,0
1600000000942402361,1600000000942402360,1600000000840475155,Food Menu,Mandi,,4 Juicy Chicken Mandi,0.00,0.0,0.00,0.00,0.00,0,0,0,0,0,0
1600000000942417802,1600000000942417801,1600000000840475155,Food Menu,Mandi,,2 Juicy paneer Mandi for 2,0.00,0.0,0.00,0.00,0.00,0,0,0,0,0,0
1600000000942417804,1600000000942417803,1600000000840475155,Food Menu,Mandi,,4 Juicy Paneer mandi for 4,0.00,0.0,0.00,0.00,0.00,0,0,0,0,0,0
1600000001036528465,1600000001036528464,1600000000840475155,Food Menu,Mandi,,Juicy Lamb Shank Mandi,0.00,0.0,0.00,0.00,0.00,0,0,0,0,0,0
1600000001036559163,1600000001036559162,1600000000840475155,Food Menu,Mandi,,2 Juicy Lamb Shank Mandi,0.00,0.0,0.00,0.00,0.00,0,0,0,0,0,0
1600000001036559165,1600000001036559164,1600000000840475155,Food Menu,Mandi,,4 Juicy Lamb Shank Mandi,0.00,0.0,0.00,0.00,0.00,0,0,0,0,0,0
,,,Hookah,,,,19.99,1.0,19.99,0.00,19.99,0,0,0.018518518518518517,0,0,0.04490116801437556
1600000000375910688,1600000000375910687,,Hookah,Everyday Escape,,,19.99,1.0,19.99,0.00,19.99,0,1.0,0.018518518518518517,0,1.0,0.04490116801437556
1600000000375910690,1600000000375910689,1600000000375910688,Hookah,Everyday Escape,,Paan Raas,0.00,0.0,0.00,0.00,0.00,0,0,0,0,0,0
1600000000375910692,1600000000375910691,1600000000375910688,Hookah,Everyday Escape,,lychee,0.00,0.0,0.00,0.00,0.00,0,0,0,0,0,0
1600000000375910694,1600000000375910693,1600000000375910688,Hookah,Everyday Escape,,Grape with berry,0.00,0.0,0.00,0.00,0.00,0,0,0,0,0,0
1600000000375910696,1600000000375910695,1600000000375910688,Hookah,Everyday Escape,,Diamond Dust,0.00,0.0,0.00,0.00,0.00,0,0,0,0,0,0
1600000000375910698,1600000000375910697,1600000000375910688,Hookah,Everyday Escape,,Dream Scape,0.00,0.0,0.00,0.00,0.00,0,0,0,0,0,0
1600000000375910750,1600000000375910699,1600000000375910688,Hookah,Everyday Escape,,Magic love,0.00,0.0,0.00,0.00,0.00,0,0,0,0,0,0
1600000000375910752,1600000000375910751,1600000000375910688,Hookah,Everyday Escape,,Double Apple,0.00,0.0,0.00,0.00,0.00,0,0,0,0,0,0
1600000000375910754,1600000000375910753,1600000000375910688,Hookah,Everyday Escape,,Kiwi,0.00,0.0,0.00,0.00,0.00,0,0,0,0,0,0
1600000000375910756,1600000000375910755,1600000000375910688,Hookah,Everyday Escape,,Mint,0.00,0.0,0.00,0.00,0.00,0,0,0,0,0,0
1600000000375910758,1600000000375910757,1600000000375910688,Hookah,Everyday Escape,,Mango,0.00,0.0,0.00,0.00,0.00,0,0,0,0,0,0
1600000000375910760,1600000000375910759,1600000000375910688,Hookah,Everyday Escape,,Berry flavor,0.00,0.0,0.00,0.00,0.00,0,0,0,0,0,0
1600000000375910762,1600000000375910761,1600000000375910688,Hookah,Everyday Escape,,Gum with Mint,19.99,1.0,19.99,0.00,19.99,1.0,1.0,0.018518518518518517,1.0,1.0,0.04490116801437556
1600000000375910764,1600000000375910763,1600000000375910688,Hookah,Everyday Escape,,Citrus Breeze,19.99,0.0,0.00,0.00,0.00,0.0,0.0,0.0,0.0,0.0,0.0
1600000000375910766,1600000000375910765,1600000000375910688,Hookah,Everyday Escape,,Blueberry with mint,0.00,0.0,0.00,0.00,0.00,0,0,0,0,0,0
1600000000421271833,1600000000421208385,1600000000375910688,Hookah,Everyday Escape,,Refill,0.00,0.0,0.00,0.00,0.00,0,0,0,0,0,0
1600000000375910768,1600000000375910767,,Hookah,Elite Escape,,,0.00,0.0,0.00,0.00,0.00,0,0,0,0,0,0
1600000000375910770,1600000000375910769,1600000000375910768,Hookah,Elite Escape,,sex on the beach,0.00,0.0,0.00,0.00,0.00,0,0,0,0,0,0
1600000000375910772,1600000000375910771,1600000000375910768,Hookah,Elite Escape,,strawberry daiquiri,0.00,0.0,0.00,0.00,0.00,0,0,0,0,0,0
1600000000375910774,1600000000375910773,1600000000375910768,Hookah,Elite Escape,,pina colada,0.00,0.0,0.00,0.00,0.00,0,0,0,0,0,0
1600000000375910776,1600000000375910775,1600000000375910768,Hookah,Elite Escape,,Exotic watermelon,0.00,0.0,0.00,0.00,0.00,0,0,0,0,0,0
1600000000375910778,1600000000375910777,1600000000375910768,Hookah,Elite Escape,,Exotic mango,0.00,0.0,0.00,0.00,0.00,0,0,0,0,0,0
1600000000422492300,1600000000421802281,1600000000375910768,Hookah,Elite Escape,,refill,0.00,0.0,0.00,0.00,0.00,0,0,0,0,0,0
,,,Beverage Menu,,,,5.845555555555555,36.0,210.44,0.00,210.44,0,0,0.6666666666666666,0,0,0.47268643306379154
1600000000375934434,1600000000375934433,,Beverage Menu,Beer,,,6.14,19.0,116.75,0.00,116.75,0,0.5277777777777778,0.35185185185185186,0,0.554789963885193,0.2622416891284816
1600000000375992026,1600000000375992025,1600000000375934434,Beverage Menu,Beer,Draft Beer,,6.37,13.0,82.75,0.00,82.75,0,0.6842105263157895,0.24074074074074073,0,0.708779443254818,0.18587151841868824
1600000000375910786,1600000000375910785,1600000000375992026,Beverage Menu,Beer,Draft Beer,Bud Light,0.00,0.0,0.00,0.00,0.00,0,0,0,0,0,0
1600000000375910789,1600000000375910788,1600000000375992026,Beverage Menu,Beer,Draft Beer,Michelob Ultra,5.75,3.0,17.25,0.00,17.25,0.23076923076923078,0.15789473684210525,0.05555555555555555,0.2084592145015106,0.14775160599571735,0.038746630727762806
1600000000375910792,1600000000375910791,1600000000375992026,Beverage Menu,Beer,Draft Beer,Firestone,0.00,0.0,0.00,0.00,0.00,0,0,0,0,0,0
1600000000375910794,1600000000375910793,1600000000375992026,Beverage Menu,Beer,Draft Beer,Corona Extra,6.25,1.0,6.25,0.00,6.25,0.07692307692307693,0.05263157894736842,0.018518518518518517,0.0755287009063444,0.05353319057815846,0.01403863432165319
1600000000375910798,1600000000375910797,1600000000375992026,Beverage Menu,Beer,Draft Beer,Modelo,6.25,5.0,31.25,0.00,31.25,0.38461538461538464,0.2631578947368421,0.09259259259259259,0.3776435045317221,0.2676659528907923,0.07019317160826595
1600000000375910850,1600000000375910799,1600000000375992026,Beverage Menu,Beer,Draft Beer,Karbach Hopadillo IPA,0.00,0.0,0.00,0.00,0.00,0,0,0,0,0,0
1600000000375910853,1600000000375910852,1600000000375992026,Beverage Menu,Beer,Draft Beer,Electric JellyFish IPA,0.00,0.0,0.00,0.00,0.00,0,0,0,0,0,0
1600000000375910855,1600000000375910854,1600000000375992026,Beverage Menu,Beer,Draft Beer,Stella Artois,7.0,4.0,28.00,0.00,28.00,0.3076923076923077,0.21052631578947367,0.07407407407407407,0.338368580060423,0.2398286937901499,0.06289308176100629
1600000000375992028,1600000000375992027,1600000000375934434,Beverage Menu,Beer,Can,,6.08,3.0,18.25,0.00,18.25,0,0.15789473684210525,0.05555555555555555,0,0.15631691648822268,0.04099281221922731
1600000000375910859,1600000000375910858,1600000000375992028,Beverage Menu,Beer,Can,WhiteClaw Mango,5.25,1.0,5.25,0.00,5.25,0.3333333333333333,0.05263157894736842,0.018518518518518517,0.2876712328767123,0.044967880085653104,0.01179245283018868
1600000000375910861,1600000000375910860,1600000000375992028,Beverage Menu,Beer,Can,Whiteclaw blackberry,0.00,0.0,0.00,0.00,0.00,0,0,0,0,0,0
1600000000375910863,1600000000375910862,1600000000375992028,Beverage Menu,Beer,Can,Whiteclaw Lime,0.00,0.0,0.00,0.00,0.00,0,0,0,0,0,0
1600000000375910865,1600000000375910864,1600000000375992028,Beverage Menu,Beer,Can,Whiteclaw green apple,0.00,0.0,0.00,0.00,0.00,0,0,0,0,0,0
1600000000375910867,1600000000375910866,1600000000375992028,Beverage Menu,Beer,Can,Whiteclaw strawberry,0.00,0.0,0.00,0.00,0.00,0,0,0,0,0,0
1600000000375910870,1600000000375910869,1600000000375992028,Beverage Menu,Beer,Can,2 Hoots Hard Iced Tea,0.00,0.0,0.00,0.00,0.00,0,0,0,0,0,0
1600000000375910872,1600000000375910871,1600000000375992028,Beverage Menu,Beer,Can,Pinthouse Electric Jellyfish Hazy IPA,0.00,0.0,0.00,0.00,0.00,0,0,0,0,0,0
1600000000375910874,1600000000375910873,1600000000375992028,Beverage Menu,Beer,Can,Sierra Nevada Big Little Thing,0.00,0.0,0.00,0.00,0.00,0,0,0,0,0,0
1600000000375910876,1600000000375910875,1600000000375992028,Beverage Menu,Beer,Can,Budweiser,0.00,0.0,0.00,0.00,0.00,0,0,0,0,0,0
1600000000375910882,1600000000375910881,1600000000375992028,Beverage Menu,Beer,Can,Voodoo Ranger Juicy haze,0.00,0.0,0.00,0.00,0.00,0,0,0,0,0,0
1600000000375910884,1600000000375910883,1600000000375992028,Beverage Menu,Beer,Can,Kona Big Wave Golden Ale,0.00,0.0,0.00,0.00,0.00,0,0,0,0,0,0
1600000000375910886,1600000000375910885,1600000000375992028,Beverage Menu,Beer,Can,Cayman Jack Margarita,6.5,2.0,13.00,0.00,13.00,0.6666666666666666,0.10526315789473684,0.037037037037037035,0.7123287671232876,0.11134903640256959,0.029200359389038637
1600000000375910888,1600000000375910887,1600000000375992028,Beverage Menu,Beer,Can,Firestone Walker 805,0.00,0.0,0.00,0.00,0.00,0,0,0,0,0,0
1600000000375910890,1600000000375910889,1600000000375992028,Beverage Menu,Beer,Can,High Brew Double Espresso,0.00,0.0,0.00,0.00,0.00,0,0,0,0,0,0
1600000000375910892,1600000000375910891,1600000000375992028,Beverage Menu,Beer,Can,High Brew Mexican Vanilla,0.00,0.0,0.00,0.00,0.00,0,0,0,0,0,0
1600000000375910894,1600000000375910893,1600000000375992028,Beverage Menu,Beer,Can,Topo Chico Hard Seltzer,0.00,0.0,0.00,0.00,0.00,0,0,0,0,0,0
1600000000375910896,1600000000375910895,1600000000375992028,Beverage Menu,Beer,Can,Austin Eastciders Pineapple Cider,0.00,0.0,0.00,0.00,0.00,0,0,0,0,0,0
1600000001078260624,1600000001078260623,1600000000375992028,Beverage Menu,Beer,Can,Guinness,0.00,0.0,0.00,0.00,0.00,0,0,0,0,0,0
1600000000375992030,1600000000375992029,1600000000375934434,Beverage Menu,Beer,Bottle,,5.25,3.0,15.75,0.00,15.75,0,0.15789473684210525,0.05555555555555555,0,0.1349036402569593,0.03537735849056604
1600000000375910900,1600000000375910899,1600000000375992030,Beverage Menu,Beer,Bottle,BTL Shinerbock,0.00,0.0,0.00,0.00,0.00,0,0,0,0,0,0
1600000000375910902,1600000000375910901,1600000000375992030,Beverage Menu,Beer,Bottle,BTL budweiser,0.00,0.0,0.00,0.00,0.00,0,0,0,0,0,0
1600000000375910904,1600000000375910903,1600000000375992030,Beverage Menu,Beer,Bottle,BTL Dos equis,5.25,1.0,5.25,0.00,5.25,0.3333333333333333,0.05263157894736842,0.018518518518518517,0.3333333333333333,0.044967880085653104,0.01179245283018868
1600000000375910906,1600000000375910905,1600000000375992030,Beverage Menu,Beer,Bottle,BTL Voodoo Ranger IPA,0.00,0.0,0.00,0.00,0.00,0,0,0,0,0,0
1600000000375910908,1600000000375910907,1600000000375992030,Beverage Menu,Beer,Bottle,BTL Heineken,0.00,0.0,0.00,0.00,0.00,0,0,0,0,0,0
1600000000375910910,1600000000375910909,1600000000375992030,Beverage Menu,Beer,Bottle,BTL Corona Extra,0.00,0.0,0.00,0.00,0.00,0,0,0,0,0,0
1600000000375910912,1600000000375910911,1600000000375992030,Beverage Menu,Beer,Bottle,BTL Seagram's Variety Pack,0.00,0.0,0.00,0.00,0.00,0,0,0,0,0,0
1600000000375910914,1600000000375910913,1600000000375992030,Beverage Menu,Beer,Bottle,BTL Jarritos Flavors of Mexico Variety,0.00,0.0,0.00,0.00,0.00,0,0,0,0,0,0
1600000000473408902,1600000000472353996,1600000000375992030,Beverage Menu,Beer,Bottle,Btl budlight,0.00,0.0,0.00,0.00,0.00,0,0,0,0,0,0
1600000000473945721,1600000000473945720,1600000000375992030,Beverage Menu,Beer,Bottle,Bluemoon,0.00,0.0,0.00,0.00,0.00,0,0,0,0,0,0
1600000000473945723,1600000000473945722,1600000000375992030,Beverage Menu,Beer,Bottle,Ultra,5.25,2.0,10.50,0.00,10.50,0.6666666666666666,0.10526315789473684,0.037037037037037035,0.6666666666666666,0.08993576017130621,0.02358490566037736
1600000000518019079,1600000000518019078,1600000000375992030,Beverage Menu,Beer,Bottle,Btl Miller Lite,0.00,0.0,0.00,0.00,0.00,0,0,0,0,0,0
1600000000518023053,1600000000518023052,1600000000375992030,Beverage Menu,Beer,Bottle,Btl Lonestar,0.00,0.0,0.00,0.00,0.00,0,0,0,0,0,0
1600000000518037775,1600000000518037774,1600000000375992030,Beverage Menu,Beer,Bottle,Btl CoorsLite,0.00,0.0,0.00,0.00,0.00,0,0,0,0,0,0
1600000000637756236,1600000000637756235,1600000000375992030,Beverage Menu,Beer,Bottle,Yuengling,0.00,0.0,0.00,0.00,0.00,0,0,0,0,0,0
1600000000637699171,1600000000637699170,1600000000375934434,Beverage Menu,Beer,Buckets,,0.00,0.0,0.00,0.00,0.00,0,0,0,0,0,0
1600000000637701413,1600000000637701412,1600000000637699171,Beverage Menu,Beer,Buckets,D Bucket-5,0.00,0.0,0.00,0.00,0.00,0,0,0,0,0,0
1600000000375999633,1600000000375999632,,Beverage Menu,Wine,,,0.00,0.0,0.00,0.00,0.00,0,0,0,0,0,0
1600000000376001491,1600000000376001490,1600000000375999633,Beverage Menu,Wine,Red Glass,,0.00,0.0,0.00,0.00,0.00,0,0,0,0,0,0
1600000000375910918,1600000000375910917,1600000000376001491,Beverage Menu,Wine,Red Glass,G - House Pinot Noir,0.00,0.0,0.00,0.00,0.00,0,0,0,0,0,0
1600000000376001493,1600000000376001492,1600000000375999633,Beverage Menu,Wine,Red Bottle,,0.00,0.0,0.00,0.00,0.00,0,0,0,0,0,0
1600000000375910922,1600000000375910921,1600000000376001493,Beverage Menu,Wine,Red Bottle,B - House Pinot Noir,0.00,0.0,0.00,0.00,0.00,0,0,0,0,0,0
1600000000376001495,1600000000376001494,1600000000375999633,Beverage Menu,Wine,White Glass,,0.00,0.0,0.00,0.00,0.00,0,0,0,0,0,0
1600000000375910926,1600000000375910925,1600000000376001495,Beverage Menu,Wine,White Glass,G - House Pinot Grigio,0.00,0.0,0.00,0.00,0.00,0,0,0,0,0,0
1600000000376001497,1600000000376001496,1600000000375999633,Beverage Menu,Wine,White Bottle,,0.00,0.0,0.00,0.00,0.00,0,0,0,0,0,0
1600000000375910930,1600000000375910929,1600000000376001497,Beverage Menu,Wine,White Bottle,B - House Pinot Grigio,0.00,0.0,0.00,0.00,0.00,0,0,0,0,0,0
1600000000376001499,1600000000376001498,1600000000375999633,Beverage Menu,Wine,Rose Glass,,0.00,0.0,0.00,0.00,0.00,0,0,0,0,0,0
1600000000375910934,1600000000375910933,1600000000376001499,Beverage Menu,Wine,Rose Glass,G - House Rose,0.00,0.0,0.00,0.00,0.00,0,0,0,0,0,0
1600000000376002651,1600000000376002650,1600000000375999633,Beverage Menu,Wine,Sparkling Bottle,,0.00,0.0,0.00,0.00,0.00,0,0,0,0,0,0
1600000000375910938,1600000000375910937,1600000000376002651,Beverage Menu,Wine,Sparkling Bottle,B - House Champagne,0.00,0.0,0.00,0.00,0.00,0,0,0,0,0,0
1600000000450131653,1600000000450148051,1600000000375999633,Beverage Menu,Wine,Premium,,0.00,0.0,0.00,0.00,0.00,0,0,0,0,0,0
1600000000450102341,1600000000450106323,1600000000375999633,Beverage Menu,Wine,In stock,,0.00,0.0,0.00,0.00,0.00,0,0,0,0,0,0
1600000000450195050,1600000000450195101,1600000000450102341,Beverage Menu,Wine,In stock,Cabernet,0.00,0.0,0.00,0.00,0.00,0,0,0,0,0,0
1600000000449814040,1600000000449809195,1600000000450102341,Beverage Menu,Wine,In stock,Chardonna,0.00,0.0,0.00,0.00,0.00,0,0,0,0,0,0
1600000000450099846,1600000000450102033,1600000000450102341,Beverage Menu,Wine,In stock,Merlot,0.00,0.0,0.00,0.00,0.00,0,0,0,0,0,0
1600000000450103225,1600000000450164517,1600000000450102341,Beverage Menu,Wine,In stock,Moscato,0.00,0.0,0.00,0.00,0.00,0,0,0,0,0,0
1600000000450239601,1600000000450104079,1600000000450102341,Beverage Menu,Wine,In stock,Ramon Bilbao Garnacha,0.00,0.0,0.00,0.00,0.00,0,0,0,0,0,0
1600000000450104080,1600000000450255455,1600000000450102341,Beverage Menu,Wine,In stock,Ramon Bilbao Rose,0.00,0.0,0.00,0.00,0.00,0,0,0,0,0,0
1600000000449932139,1600000000450267604,1600000000450102341,Beverage Menu,Wine,In stock,Santa Cruz Sauvignon,0.00,0.0,0.00,0.00,0.00,0,0,0,0,0,0
1600000000450100196,1600000000450278653,1600000000450102341,Beverage Menu,Wine,In stock,Tobias Chardonnay,0.00,0.0,0.00,0.00,0.00,0,0,0,0,0,0
1600000000450267605,1600000000450288155,1600000000450102341,Beverage Menu,Wine,In stock,Tobias Formation,0.00,0.0,0.00,0.00,0.00,0,0,0,0,0,0
1600000000450190314,1600000000450104919,1600000000450102341,Beverage Menu,Wine,In stock,Tobias Sauvignon,0.00,0.0,0.00,0.00,0.00,0,0,0,0,0,0
1600000000730019034,1600000000730019033,1600000000375999633,Beverage Menu,Wine,Proseco,,0.00,0.0,0.00,0.00,0.00,0,0,0,0,0,0
1600000000730028153,1600000000730028152,1600000000730019034,Beverage Menu,Wine,Proseco,Mini Bottle,0.00,0.0,0.00,0.00,0.00,0,0,0,0,0,0
1600000000375910940,1600000000375910939,,Beverage Menu,Vodka,,,6.25,3.0,18.75,0.00,18.75,0,0.08333333333333333,0.05555555555555555,0,0.08909903060254705,0.04211590296495957
1600000000375910942,1600000000375910941,1600000000375910940,Beverage Menu,Vodka,,Tito's texas,0.00,0.0,0.00,0.00,0.00,0,0,0,0,0,0
1600000000375910944,1600000000375910943,1600000000375910940,Beverage Menu,Vodka,,Grey goose,0.00,0.0,0.00,0.00,0.00,0,0,0,0,0,0
1600000000375910946,1600000000375910945,1600000000375910940,Beverage Menu,Vodka,,Ciroc watermelon,0.00,0.0,0.00,0.00,0.00,0,0,0,0,0,0
1600000000375910948,1600000000375910947,1600000000375910940,Beverage Menu,Vodka,,Deep eddy lemon,0.00,0.0,0.00,0.00,0.00,0,0,0,0,0,0
1600000000375910950,1600000000375910949,1600000000375910940,Beverage Menu,Vodka,,Deep eddy lime,0.00,0.0,0.00,0.00,0.00,0,0,0,0,0,0
1600000000375910952,1600000000375910951,1600000000375910940,Beverage Menu,Vodka,,Deep eddy peach,0.00,0.0,0.00,0.00,0.00,0,0,0,0,0,0
1600000000375910954,1600000000375910953,1600000000375910940,Beverage Menu,Vodka,,Absolut Espresso,0.00,0.0,0.00,0.00,0.00,0,0,0,0,0,0
1600000000375910956,1600000000375910955,1600000000375910940,Beverage Menu,Vodka,,Smirnoff,0.00,0.0,0.00,0.00,0.00,0,0,0,0,0,0
1600000000375910958,1600000000375910957,1600000000375910940,Beverage Menu,Vodka,,Smirnoff Peach,0.00,0.0,0.00,0.00,0.00,0,0,0,0,0,0
1600000000421782879,1600000000421533125,1600000000375910940,Beverage Menu,Vodka,,Well,0.00,0.0,0.00,0.00,0.00,0,0,0,0,0,0
1600000000422756025,1600000000423431500,1600000000375910940,Beverage Menu,Vodka,,Lalo,0.00,0.0,0.00,0.00,0.00,0,0,0,0,0,0
1600000000422925181,1600000000424422337,1600000000375910940,Beverage Menu,Vodka,,Sun Cruiser,0.00,0.0,0.00,0.00,0.00,0,0,0,0,0,0
1600000000423872375,1600000000423960994,1600000000375910940,Beverage Menu,Vodka,,Nutrl,0.00,0.0,0.00,0.00,0.00,0,0,0,0,0,0
1600000000429989663,1600000000429007772,1600000000375910940,Beverage Menu,Vodka,,Effen Cucumber,6.25,3.0,18.75,0.00,18.75,1.0,0.08333333333333333,0.05555555555555555,1.0,0.08909903060254705,0.04211590296495957
1600000000452184938,1600000000452312418,1600000000375910940,Beverage Menu,Vodka,,Deep Eddy Ruby Red,0.00,0.0,0.00,0.00,0.00,0,0,0,0,0,0
1600000000538282419,1600000000538282418,1600000000375910940,Beverage Menu,Vodka,,Kettle one,0.00,0.0,0.00,0.00,0.00,0,0,0,0,0,0
1600000001055177416,1600000001055177415,1600000000375910940,Beverage Menu,Vodka,,Well dbl vodka,0.00,0.0,0.00,0.00,0.00,0,0,0,0,0,0
1600000000376012440,1600000000376012439,1600000000375910940,Beverage Menu,Vodka,DBL Vodka,,0.00,0.0,0.00,0.00,0.00,0,0,0,0,0,0
1600000000375910962,1600000000375910961,1600000000376012440,Beverage Menu,Vodka,DBL Vodka,DBL Tito's texas,0.00,0.0,0.00,0.00,0.00,0,0,0,0,0,0
1600000000375910964,1600000000375910963,1600000000376012440,Beverage Menu,Vodka,DBL Vodka,DBL Grey goose,0.00,0.0,0.00,0.00,0.00,0,0,0,0,0,0
1600000000375910966,1600000000375910965,1600000000376012440,Beverage Menu,Vodka,DBL Vodka,DBL Ciroc watermelon,0.00,0.0,0.00,0.00,0.00,0,0,0,0,0,0
1600000000375910968,1600000000375910967,1600000000376012440,Beverage Menu,Vodka,DBL Vodka,DBL Deep eddy lemon,0.00,0.0,0.00,0.00,0.00,0,0,0,0,0,0
1600000000375910970,1600000000375910969,1600000000376012440,Beverage Menu,Vodka,DBL Vodka,DBL Deep eddy lime,0.00,0.0,0.00,0.00,0.00,0,0,0,0,0,0
1600000000375910972,1600000000375910971,1600000000376012440,Beverage Menu,Vodka,DBL Vodka,DBL Deep eddy peach,0.00,0.0,0.00,0.00,0.00,0,0,0,0,0,0
1600000000375910975,1600000000375910974,1600000000376012440,Beverage Menu,Vodka,DBL Vodka,DBL Absolut Espresso,0.00,0.0,0.00,0.00,0.00,0,0,0,0,0,0
1600000000375910978,1600000000375910977,1600000000376012440,Beverage Menu,Vodka,DBL Vodka,DBL Smirnoff,0.00,0.0,0.00,0.00,0.00,0,0,0,0,0,0
1600000000375910980,1600000000375910979,1600000000376012440,Beverage Menu,Vodka,DBL Vodka,DBL Smirnoff Peach,0.00,0.0,0.00,0.00,0.00,0,0,0,0,0,0
1600000000375910982,1600000000375910981,,Beverage Menu,Gin,,,0.00,0.0,0.00,0.00,0.00,0,0,0,0,0,0
1600000000375910984,1600000000375910983,1600000000375910982,Beverage Menu,Gin,,Taaka,0.00,0.0,0.00,0.00,0.00,0,0,0,0,0,0
1600000000375910986,1600000000375910985,1600000000375910982,Beverage Menu,Gin,,Hendricks,0.00,0.0,0.00,0.00,0.00,0,0,0,0,0,0
1600000000375910988,1600000000375910987,1600000000375910982,Beverage Menu,Gin,,Tanqueray,0.00,0.0,0.00,0.00,0.00,0,0,0,0,0,0
1600000000375910990,1600000000375910989,1600000000375910982,Beverage Menu,Gin,,Bombay Saphire,0.00,0.0,0.00,0.00,0.00,0,0,0,0,0,0
1600000000421782879,1600000000421533125,1600000000375910982,Beverage Menu,Gin,,Well,0.00,0.0,0.00,0.00,0.00,0,0,0,0,0,0
1600000000376017430,1600000000376017429,1600000000375910982,Beverage Menu,Gin,DBL Gin,,0.00,0.0,0.00,0.00,0.00,0,0,0,0,0,0
1600000000375910994,1600000000375910993,1600000000376017430,Beverage Menu,Gin,DBL Gin,DBL Taaka,0.00,0.0,0.00,0.00,0.00,0,0,0,0,0,0
1600000000375910996,1600000000375910995,1600000000376017430,Beverage Menu,Gin,DBL Gin,DBL Hendricks,0.00,0.0,0.00,0.00,0.00,0,0,0,0,0,0
1600000000375910998,1600000000375910997,1600000000376017430,Beverage Menu,Gin,DBL Gin,DBL Tanqueray,0.00,0.0,0.00,0.00,0.00,0,0,0,0,0,0
1600000000375911100,1600000000375910999,,Beverage Menu,Rum,,,0.00,0.0,0.00,0.00,0.00,0,0,0,0,0,0
1600000000375911102,1600000000375911101,1600000000375911100,Beverage Menu,Rum,,Bacardi light,0.00,0.0,0.00,0.00,0.00,0,0,0,0,0,0
1600000000375911104,1600000000375911103,1600000000375911100,Beverage Menu,Rum,,Castillo light,0.00,0.0,0.00,0.00,0.00,0,0,0,0,0,0
1600000000375911106,1600000000375911105,1600000000375911100,Beverage Menu,Rum,,Ron corina coconut,0.00,0.0,0.00,0.00,0.00,0,0,0,0,0,0
1600000000375911108,1600000000375911107,1600000000375911100,Beverage Menu,Rum,,Captain morgan spiced,0.00,0.0,0.00,0.00,0.00,0,0,0,0,0,0
1600000000375911110,1600000000375911109,1600000000375911100,Beverage Menu,Rum,,Captain morgan,0.00,0.0,0.00,0.00,0.00,0,0,0,0,0,0
1600000000375911112,1600000000375911111,1600000000375911100,Beverage Menu,Rum,,Malibu coconut,0.00,0.0,0.00,0.00,0.00,0,0,0,0,0,0
1600000000375911114,1600000000375911113,1600000000375911100,Beverage Menu,Rum,,Rum chata,0.00,0.0,0.00,0.00,0.00,0,0,0,0,0,0
1600000000421782879,1600000000421533125,1600000000375911100,Beverage Menu,Rum,,Well,0.00,0.0,0.00,0.00,0.00,0,0,0,0,0,0
1600000000376021106,1600000000376021105,1600000000375911100,Beverage Menu,Rum,DBL Rum,,0.00,0.0,0.00,0.00,0.00,0,0,0,0,0,0
1600000000375911118,1600000000375911117,1600000000376021106,Beverage Menu,Rum,DBL Rum,DBL Bacardi light,0.00,0.0,0.00,0.00,0.00,0,0,0,0,0,0
1600000000375911120,1600000000375911119,1600000000376021106,Beverage Menu,Rum,DBL Rum,DBL Castillo light,0.00,0.0,0.00,0.00,0.00,0,0,0,0,0,0
1600000000375911122,1600000000375911121,1600000000376021106,Beverage Menu,Rum,DBL Rum,DBL Ron corina coconut,0.00,0.0,0.00,0.00,0.00,0,0,0,0,0,0
1600000000375911124,1600000000375911123,1600000000376021106,Beverage Menu,Rum,DBL Rum,DBL Captain morgan spiced,0.00,0.0,0.00,0.00,0.00,0,0,0,0,0,0
1600000000375911126,1600000000375911125,1600000000376021106,Beverage Menu,Rum,DBL Rum,DBL Captain morgan,0.00,0.0,0.00,0.00,0.00,0,0,0,0,0,0
1600000000375911128,1600000000375911127,1600000000376021106,Beverage Menu,Rum,DBL Rum,DBL Malibu coconut,0.00,0.0,0.00,0.00,0.00,0,0,0,0,0,0
1600000000375911130,1600000000375911129,1600000000376021106,Beverage Menu,Rum,DBL Rum,DBL Rum chata,0.00,0.0,0.00,0.00,0.00,0,0,0,0,0,0
1600000000375911132,1600000000375911131,,Beverage Menu,Tequila,,,5.50,5.0,27.50,0.00,27.50,0,0.1388888888888889,0.09259259259259259,0,0.130678578217069,0.061769991015274035
1600000000375911134,1600000000375911133,1600000000375911132,Beverage Menu,Tequila,,Torada Silver,0.00,0.0,0.00,0.00,0.00,0,0,0,0,0,0
1600000000375911136,1600000000375911135,1600000000375911132,Beverage Menu,Tequila,,Casamigos blanco,0.00,0.0,0.00,0.00,0.00,0,0,0,0,0,0
1600000000375911138,1600000000375911137,1600000000375911132,Beverage Menu,Tequila,,Casamigos Reposado,0.00,0.0,0.00,0.00,0.00,0,0,0,0,0,0
1600000000375911140,1600000000375911139,1600000000375911132,Beverage Menu,Tequila,,Espolon Blanco,0.00,0.0,0.00,0.00,0.00,0,0,0,0,0,0
1600000000375911142,1600000000375911141,1600000000375911132,Beverage Menu,Tequila,,Don julio silver,0.00,0.0,0.00,0.00,0.00,0,0,0,0,0,0
1600000000375911144,1600000000375911143,1600000000375911132,Beverage Menu,Tequila,,Patron Silver,0.00,0.0,0.00,0.00,0.00,0,0,0,0,0,0
1600000000375911146,1600000000375911145,1600000000375911132,Beverage Menu,Tequila,,Clase Azul,0.00,0.0,0.00,0.00,0.00,0,0,0,0,0,0
1600000000375911149,1600000000375911148,1600000000375911132,Beverage Menu,Tequila,,Patron Reposado,0.00,0.0,0.00,0.00,0.00,0,0,0,0,0,0
1600000000422101851,1600000000421881446,1600000000375911132,Beverage Menu,Tequila,,well,5.5,5.0,27.50,0.00,27.50,1.0,0.1388888888888889,0.09259259259259259,1.0,0.130678578217069,0.061769991015274035
1600000000427384761,1600000000427337274,1600000000375911132,Beverage Menu,Tequila,,Don Julio 70,0.00,0.0,0.00,0.00,0.00,0,0,0,0,0,0
1600000000493639353,1600000000493639352,1600000000375911132,Beverage Menu,Tequila,,Don Julio Reposado,0.00,0.0,0.00,0.00,0.00,0,0,0,0,0,0
1600000000493667244,1600000000493667243,1600000000375911132,Beverage Menu,Tequila,,Jaja,0.00,0.0,0.00,0.00,0.00,0,0,0,0,0,0
1600000000699445094,1600000000699445093,1600000000375911132,Beverage Menu,Tequila,,Herradura,0.00,0.0,0.00,0.00,0.00,0,0,0,0,0,0
1600000000714166807,1600000000714166806,1600000000375911132,Beverage Menu,Tequila,,Lunazul,0.00,0.0,0.00,0.00,0.00,0,0,0,0,0,0
1600000000745774090,1600000000745774089,1600000000375911132,Beverage Menu,Tequila,,Dobel,0.00,0.0,0.00,0.00,0.00,0,0,0,0,0,0
1600000000960122646,1600000000960122645,1600000000375911132,Beverage Menu,Tequila,,1800,0.00,0.0,0.00,0.00,0.00,0,0,0,0,0,0
1600000001055189061,1600000001055189060,1600000000375911132,Beverage Menu,Tequila,,Well Dbl T,0.00,0.0,0.00,0.00,0.00,0,0,0,0,0,0
1600000001117044327,1600000001117044326,1600000000375911132,Beverage Menu,Tequila,,Dbl lalo,0.00,0.0,0.00,0.00,0.00,0,0,0,0,0,0
1600000000376024050,1600000000376023299,1600000000375911132,Beverage Menu,Tequila,DBL Tequila,,0.00,0.0,0.00,0.00,0.00,0,0,0,0,0,0
1600000000375911203,1600000000375911202,1600000000376024050,Beverage Menu,Tequila,DBL Tequila,DBL Torada Silver,0.00,0.0,0.00,0.00,0.00,0,0,0,0,0,0
1600000000375911205,1600000000375911204,1600000000376024050,Beverage Menu,Tequila,DBL Tequila,DBL Casamigos blanco,0.00,0.0,0.00,0.00,0.00,0,0,0,0,0,0
1600000000375911207,1600000000375911206,1600000000376024050,Beverage Menu,Tequila,DBL Tequila,DBL Casamigos Reposado,0.00,0.0,0.00,0.00,0.00,0,0,0,0,0,0
1600000000375911209,1600000000375911208,1600000000376024050,Beverage Menu,Tequila,DBL Tequila,DBL Espolon Blanco,0.00,0.0,0.00,0.00,0.00,0,0,0,0,0,0
1600000000375911211,1600000000375911210,1600000000376024050,Beverage Menu,Tequila,DBL Tequila,DBL Don julio silver,0.00,0.0,0.00,0.00,0.00,0,0,0,0,0,0
1600000000375911213,1600000000375911212,1600000000376024050,Beverage Menu,Tequila,DBL Tequila,DBL Patron Silver,0.00,0.0,0.00,0.00,0.00,0,0,0,0,0,0
1600000000375911215,1600000000375911214,1600000000376024050,Beverage Menu,Tequila,DBL Tequila,DBL Clase Azul,0.00,0.0,0.00,0.00,0.00,0,0,0,0,0,0
1600000000375911217,1600000000375911216,1600000000376024050,Beverage Menu,Tequila,DBL Tequila,DBL Patron Reposado,0.00,0.0,0.00,0.00,0.00,0,0,0,0,0,0
1600000000375911219,1600000000375911218,,Beverage Menu,Whiskey/Bourbon,,,0.00,0.0,0.00,0.00,0.00,0,0,0,0,0,0
1600000000375911221,1600000000375911220,1600000000375911219,Beverage Menu,Whiskey/Bourbon,,Jameson Irish,0.00,0.0,0.00,0.00,0.00,0,0,0,0,0,0
1600000000375911223,1600000000375911222,1600000000375911219,Beverage Menu,Whiskey/Bourbon,,Crown Royal Apple,0.00,0.0,0.00,0.00,0.00,0,0,0,0,0,0
1600000000375911225,1600000000375911224,1600000000375911219,Beverage Menu,Whiskey/Bourbon,,Crown Royal Peach,0.00,0.0,0.00,0.00,0.00,0,0,0,0,0,0
1600000000375911227,1600000000375911226,1600000000375911219,Beverage Menu,Whiskey/Bourbon,,Crown Royal Vanilla,0.00,0.0,0.00,0.00,0.00,0,0,0,0,0,0
1600000000375911229,1600000000375911228,1600000000375911219,Beverage Menu,Whiskey/Bourbon,,Crown Royal Canadian Whiskey,0.00,0.0,0.00,0.00,0.00,0,0,0,0,0,0
1600000000375911231,1600000000375911230,1600000000375911219,Beverage Menu,Whiskey/Bourbon,,Rebecca creek,0.00,0.0,0.00,0.00,0.00,0,0,0,0,0,0
1600000000375911233,1600000000375911232,1600000000375911219,Beverage Menu,Whiskey/Bourbon,,Texas Ranger Peach,0.00,0.0,0.00,0.00,0.00,0,0,0,0,0,0
1600000000375911235,1600000000375911234,1600000000375911219,Beverage Menu,Whiskey/Bourbon,,Texas Ranger Peanut butter,0.00,0.0,0.00,0.00,0.00,0,0,0,0,0,0
1600000000375911237,1600000000375911236,1600000000375911219,Beverage Menu,Whiskey/Bourbon,,Bulleit Rye whiskey,0.00,0.0,0.00,0.00,0.00,0,0,0,0,0,0
1600000000375911239,1600000000375911238,1600000000375911219,Beverage Menu,Whiskey/Bourbon,,Makers mark bourbon,0.00,0.0,0.00,0.00,0.00,0,0,0,0,0,0
1600000000375911241,1600000000375911240,1600000000375911219,Beverage Menu,Whiskey/Bourbon,,Mitchters Bourbon,0.00,0.0,0.00,0.00,0.00,0,0,0,0,0,0
1600000000375911243,1600000000375911242,1600000000375911219,Beverage Menu,Whiskey/Bourbon,,Buffalo trace Bourbon,0.00,0.0,0.00,0.00,0.00,0,0,0,0,0,0
1600000000375911245,1600000000375911244,1600000000375911219,Beverage Menu,Whiskey/Bourbon,,Woodford reserve Bourbon,0.00,0.0,0.00,0.00,0.00,0,0,0,0,0,0
1600000000375911247,1600000000375911246,1600000000375911219,Beverage Menu,Whiskey/Bourbon,,Bullet Bourbon,0.00,0.0,0.00,0.00,0.00,0,0,0,0,0,0
1600000000375911321,1600000000375911320,1600000000375911219,Beverage Menu,Whiskey/Bourbon,,Dewars white,0.00,0.0,0.00,0.00,0.00,0,0,0,0,0,0
1600000000375911323,1600000000375911322,1600000000375911219,Beverage Menu,Whiskey/Bourbon,,Buchanans 12,0.00,0.0,0.00,0.00,0.00,0,0,0,0,0,0
1600000000421782879,1600000000421533125,1600000000375911219,Beverage Menu,Whiskey/Bourbon,,Well,0.00,0.0,0.00,0.00,0.00,0,0,0,0,0,0
1600000000538092768,1600000000538092767,1600000000375911219,Beverage Menu,Whiskey/Bourbon,,Traveller,0.00,0.0,0.00,0.00,0.00,0,0,0,0,0,0
1600000000586004342,1600000000586004341,1600000000375911219,Beverage Menu,Whiskey/Bourbon,,Russels Reserve 10,0.00,0.0,0.00,0.00,0.00,0,0,0,0,0,0
1600000000673089475,1600000000673089474,1600000000375911219,Beverage Menu,Whiskey/Bourbon,,Sazerac Rye,0.00,0.0,0.00,0.00,0.00,0,0,0,0,0,0
1600000000673397952,1600000000673397951,1600000000375911219,Beverage Menu,Whiskey/Bourbon,,Chivas regal 12,0.00,0.0,0.00,0.00,0.00,0,0,0,0,0,0
1600000000674448562,1600000000674448561,1600000000375911219,Beverage Menu,Whiskey/Bourbon,,Four wals,0.00,0.0,0.00,0.00,0.00,0,0,0,0,0,0
1600000000745849804,1600000000745849803,1600000000375911219,Beverage Menu,Whiskey/Bourbon,,Dbl jack,0.00,0.0,0.00,0.00,0.00,0,0,0,0,0,0
1600000001175217540,1600000001175217539,1600000000375911219,Beverage Menu,Whiskey/Bourbon,,Well dbl w,0.00,0.0,0.00,0.00,0.00,0,0,0,0,0,0
1600000000376026902,1600000000376026901,1600000000375911219,Beverage Menu,Whiskey/Bourbon,DBL Whiskey/Bourbon,,0.00,0.0,0.00,0.00,0.00,0,0,0,0,0,0
1600000000375911327,1600000000375911326,1600000000376026902,Beverage Menu,Whiskey/Bourbon,DBL Whiskey/Bourbon,DBL Jameson Irish,0.00,0.0,0.00,0.00,0.00,0,0,0,0,0,0
1600000000375911329,1600000000375911328,1600000000376026902,Beverage Menu,Whiskey/Bourbon,DBL Whiskey/Bourbon,DBL Crown Royal Apple,0.00,0.0,0.00,0.00,0.00,0,0,0,0,0,0
1600000000375911331,1600000000375911330,1600000000376026902,Beverage Menu,Whiskey/Bourbon,DBL Whiskey/Bourbon,DBL Crown Royal Peach,0.00,0.0,0.00,0.00,0.00,0,0,0,0,0,0
1600000000375911333,1600000000375911332,1600000000376026902,Beverage Menu,Whiskey/Bourbon,DBL Whiskey/Bourbon,DBL Crown Royal Vanilla,0.00,0.0,0.00,0.00,0.00,0,0,0,0,0,0
1600000000375911335,1600000000375911334,1600000000376026902,Beverage Menu,Whiskey/Bourbon,DBL Whiskey/Bourbon,DBL Crown Royal Canadian Whiskey,0.00,0.0,0.00,0.00,0.00,0,0,0,0,0,0
1600000000375911337,1600000000375911336,1600000000376026902,Beverage Menu,Whiskey/Bourbon,DBL Whiskey/Bourbon,DBL Rebecca creek,0.00,0.0,0.00,0.00,0.00,0,0,0,0,0,0
1600000000375911339,1600000000375911338,1600000000376026902,Beverage Menu,Whiskey/Bourbon,DBL Whiskey/Bourbon,DBL Texas Ranger Peach,0.00,0.0,0.00,0.00,0.00,0,0,0,0,0,0
1600000000375911341,1600000000375911340,1600000000376026902,Beverage Menu,Whiskey/Bourbon,DBL Whiskey/Bourbon,DBL Texas Ranger Peanut butter,0.00,0.0,0.00,0.00,0.00,0,0,0,0,0,0
1600000000375911343,1600000000375911342,1600000000376026902,Beverage Menu,Whiskey/Bourbon,DBL Whiskey/Bourbon,DBL Bulleit Rye whiskey,0.00,0.0,0.00,0.00,0.00,0,0,0,0,0,0
1600000000375911345,1600000000375911344,1600000000376026902,Beverage Menu,Whiskey/Bourbon,DBL Whiskey/Bourbon,DBL Makers mark bourbon,0.00,0.0,0.00,0.00,0.00,0,0,0,0,0,0
1600000000375911347,1600000000375911346,1600000000376026902,Beverage Menu,Whiskey/Bourbon,DBL Whiskey/Bourbon,DBL Mitchters Bourbon,0.00,0.0,0.00,0.00,0.00,0,0,0,0,0,0
1600000000375911349,1600000000375911348,1600000000376026902,Beverage Menu,Whiskey/Bourbon,DBL Whiskey/Bourbon,DBL Buffalo trace Bourbon,0.00,0.0,0.00,0.00,0.00,0,0,0,0,0,0
1600000000375911451,1600000000375911450,1600000000376026902,Beverage Menu,Whiskey/Bourbon,DBL Whiskey/Bourbon,DBL Woodford reserve Bourbon,0.00,0.0,0.00,0.00,0.00,0,0,0,0,0,0
1600000000375911453,1600000000375911452,1600000000376026902,Beverage Menu,Whiskey/Bourbon,DBL Whiskey/Bourbon,DBL Bullet Bourbon,0.00,0.0,0.00,0.00,0.00,0,0,0,0,0,0
1600000000375911459,1600000000375911458,,Beverage Menu,Scotch,,,0.00,0.0,0.00,0.00,0.00,0,0,0,0,0,0
1600000000375911249,1600000000375911248,1600000000375911459,Beverage Menu,Scotch,,Chivas regal 12,0.00,0.0,0.00,0.00,0.00,0,0,0,0,0,0
1600000000375911301,1600000000375911300,1600000000375911459,Beverage Menu,Scotch,,Glenfiddich 12,0.00,0.0,0.00,0.00,0.00,0,0,0,0,0,0
1600000000375911303,1600000000375911302,1600000000375911459,Beverage Menu,Scotch,,Glenfiddich 15,0.00,0.0,0.00,0.00,0.00,0,0,0,0,0,0
1600000000375911305,1600000000375911304,1600000000375911459,Beverage Menu,Scotch,,Glenfiddich 18,0.00,0.0,0.00,0.00,0.00,0,0,0,0,0,0
1600000000375911307,1600000000375911306,1600000000375911459,Beverage Menu,Scotch,,Glenlevit reserve,0.00,0.0,0.00,0.00,0.00,0,0,0,0,0,0
1600000000375911309,1600000000375911308,1600000000375911459,Beverage Menu,Scotch,,Glenlevit 12,0.00,0.0,0.00,0.00,0.00,0,0,0,0,0,0
1600000000375911311,1600000000375911310,1600000000375911459,Beverage Menu,Scotch,,Mcallan 12,0.00,0.0,0.00,0.00,0.00,0,0,0,0,0,0
1600000000375911313,1600000000375911312,1600000000375911459,Beverage Menu,Scotch,,Mcallan 15,0.00,0.0,0.00,0.00,0.00,0,0,0,0,0,0
1600000000375911315,1600000000375911314,1600000000375911459,Beverage Menu,Scotch,,Johnny walker black,0.00,0.0,0.00,0.00,0.00,0,0,0,0,0,0
1600000000375911317,1600000000375911316,1600000000375911459,Beverage Menu,Scotch,,Johnny walker blue,0.00,0.0,0.00,0.00,0.00,0,0,0,0,0,0
1600000000375911319,1600000000375911318,1600000000375911459,Beverage Menu,Scotch,,Royal Salute 21,0.00,0.0,0.00,0.00,0.00,0,0,0,0,0,0
1600000000376093599,1600000000376093598,1600000000375911459,Beverage Menu,Scotch,DBL Scotch,,0.00,0.0,0.00,0.00,0.00,0,0,0,0,0,0
1600000000375911455,1600000000375911454,1600000000376093599,Beverage Menu,Scotch,DBL Scotch,DBL Chivas regal 12,0.00,0.0,0.00,0.00,0.00,0,0,0,0,0,0
1600000000375911457,1600000000375911456,1600000000376093599,Beverage Menu,Scotch,DBL Scotch,DBL Glenfiddich 12,0.00,0.0,0.00,0.00,0.00,0,0,0,0,0,0
1600000000376092696,1600000000376092695,1600000000376093599,Beverage Menu,Scotch,DBL Scotch,DBL Glenfiddich 15,0.00,0.0,0.00,0.00,0.00,0,0,0,0,0,0
1600000000376092698,1600000000376092697,1600000000376093599,Beverage Menu,Scotch,DBL Scotch,DBL Glenfiddich 18,0.00,0.0,0.00,0.00,0.00,0,0,0,0,0,0
1600000000376094850,1600000000376092699,1600000000376093599,Beverage Menu,Scotch,DBL Scotch,DBL Glenlevit reserve,0.00,0.0,0.00,0.00,0.00,0,0,0,0,0,0
1600000000376094852,1600000000376094851,1600000000376093599,Beverage Menu,Scotch,DBL Scotch,DBL Glenlevit 12,0.00,0.0,0.00,0.00,0.00,0,0,0,0,0,0
1600000000376094854,1600000000376094853,1600000000376093599,Beverage Menu,Scotch,DBL Scotch,DBL Mcallan 12,0.00,0.0,0.00,0.00,0.00,0,0,0,0,0,0
1600000000376094856,1600000000376094855,1600000000376093599,Beverage Menu,Scotch,DBL Scotch,DBL Mcallan 15,0.00,0.0,0.00,0.00,0.00,0,0,0,0,0,0
1600000000376094858,1600000000376094857,1600000000376093599,Beverage Menu,Scotch,DBL Scotch,DBL Johnny walker black,0.00,0.0,0.00,0.00,0.00,0,0,0,0,0,0
1600000000376094860,1600000000376094859,1600000000376093599,Beverage Menu,Scotch,DBL Scotch,DBL Johnny walker blue,0.00,0.0,0.00,0.00,0.00,0,0,0,0,0,0
1600000000376094862,1600000000376094861,1600000000376093599,Beverage Menu,Scotch,DBL Scotch,DBL Royal Salute 21,0.00,0.0,0.00,0.00,0.00,0,0,0,0,0,0
1600000000375911491,1600000000375911490,,Beverage Menu,Liqueurs/Cordials,,,0.00,0.0,0.00,0.00,0.00,0,0,0,0,0,0
1600000000375911493,1600000000375911492,1600000000375911491,Beverage Menu,Liqueurs/Cordials,,X rated,0.00,0.0,0.00,0.00,0.00,0,0,0,0,0,0
1600000000375911495,1600000000375911494,1600000000375911491,Beverage Menu,Liqueurs/Cordials,,HPNOTIQ french,0.00,0.0,0.00,0.00,0.00,0,0,0,0,0,0
1600000000445645534,1600000000445510573,1600000000375911491,Beverage Menu,Liqueurs/Cordials,,Disarono,0.00,0.0,0.00,0.00,0.00,0,0,0,0,0,0
1600000000763755898,1600000000763755897,1600000000375911491,Beverage Menu,Liqueurs/Cordials,,Baileys,0.00,0.0,0.00,0.00,0.00,0,0,0,0,0,0
1600000000376100073,1600000000376100072,1600000000375911491,Beverage Menu,Liqueurs/Cordials,DBL Liqueurs/Cordials,,0.00,0.0,0.00,0.00,0.00,0,0,0,0,0,0
1600000000375911499,1600000000375911498,1600000000376100073,Beverage Menu,Liqueurs/Cordials,DBL Liqueurs/Cordials,DBL X rated,0.00,0.0,0.00,0.00,0.00,0,0,0,0,0,0
1600000000375911501,1600000000375911500,1600000000376100073,Beverage Menu,Liqueurs/Cordials,DBL Liqueurs/Cordials,DBL HPNOTIQ french,0.00,0.0,0.00,0.00,0.00,0,0,0,0,0,0
1600000000375911503,1600000000375911502,1600000000376100073,Beverage Menu,Liqueurs/Cordials,DBL Liqueurs/Cordials,DBL,0.00,0.0,0.00,0.00,0.00,0,0,0,0,0,0
1600000000375911505,1600000000375911504,,Beverage Menu,House Cocktails,,,11.74,2.0,23.48,0.00,23.48,0,0.05555555555555555,0.037037037037037035,0,0.11157574605588291,0.0527403414195867
1600000000375911507,1600000000375911506,1600000000375911505,Beverage Menu,House Cocktails,,Lost in the Forest,0.00,0.0,0.00,0.00,0.00,0,0,0,0,0,0
1600000000375911509,1600000000375911508,1600000000375911505,Beverage Menu,House Cocktails,,Jungle Rye,0.00,0.0,0.00,0.00,0.00,0,0,0,0,0,0
1600000000375911511,1600000000375911510,1600000000375911505,Beverage Menu,House Cocktails,,Monkeytail Manhattan,0.00,0.0,0.00,0.00,0.00,0,0,0,0,0,0
1600000000375911513,1600000000375911512,1600000000375911505,Beverage Menu,House Cocktails,,Cherry Ransom,0.00,0.0,0.00,0.00,0.00,0,0,0,0,0,0
1600000000375911515,1600000000375911514,1600000000375911505,Beverage Menu,House Cocktails,,Citrus Swing,0.00,0.0,0.00,0.00,0.00,0,0,0,0,0,0
1600000000375911517,1600000000375911516,1600000000375911505,Beverage Menu,House Cocktails,,Wanderlust Whiskey,0.00,0.0,0.00,0.00,0.00,0,0,0,0,0,0
1600000000375911519,1600000000375911518,1600000000375911505,Beverage Menu,House Cocktails,,Grapefruit Swing,0.00,0.0,0.00,0.00,0.00,0,0,0,0,0,0
1600000000375911521,1600000000375911520,1600000000375911505,Beverage Menu,House Cocktails,,Monkey's Mask,0.00,0.0,0.00,0.00,0.00,0,0,0,0,0,0
1600000000375911523,1600000000375911522,1600000000375911505,Beverage Menu,House Cocktails,,Sun Swinger,0.00,0.0,0.00,0.00,0.00,0,0,0,0,0,0
1600000000375911525,1600000000375911524,1600000000375911505,Beverage Menu,House Cocktails,,Primate Punch,0.00,0.0,0.00,0.00,0.00,0,0,0,0,0,0
1600000000375911527,1600000000375911526,1600000000375911505,Beverage Menu,House Cocktails,,Jungle Margarita,0.00,0.0,0.00,0.00,0.00,0,0,0,0,0,0
1600000000375911529,1600000000375911528,1600000000375911505,Beverage Menu,House Cocktails,,Swinging Silver,11.99,1.0,11.99,0.00,11.99,0.5,0.027777777777777776,0.018518518518518517,0.5106473594548552,0.056975860102642086,0.02693171608265948
1600000000375911531,1600000000375911530,1600000000375911505,Beverage Menu,House Cocktails,,Spicy Swing,11.49,1.0,11.49,0.00,11.49,0.5,0.027777777777777776,0.018518518518518517,0.4893526405451448,0.05459988595324083,0.025808625336927224
1600000000375911533,1600000000375911532,1600000000375911505,Beverage Menu,House Cocktails,,Tropical Swing,0.00,0.0,0.00,0.00,0.00,0,0,0,0,0,0
1600000000375911535,1600000000375911534,1600000000375911505,Beverage Menu,House Cocktails,,Monkey Melon,0.00,0.0,0.00,0.00,0.00,0,0,0,0,0,0
1600000000375911537,1600000000375911536,1600000000375911505,Beverage Menu,House Cocktails,,Spicy Strawberry Swing,0.00,0.0,0.00,0.00,0.00,0,0,0,0,0,0
1600000000375911539,1600000000375911538,1600000000375911505,Beverage Menu,House Cocktails,,Golden Ape,0.00,0.0,0.00,0.00,0.00,0,0,0,0,0,0
1600000000375911541,1600000000375911540,1600000000375911505,Beverage Menu,House Cocktails,,Tree Top Twist,0.00,0.0,0.00,0.00,0.00,0,0,0,0,0,0
1600000000375911543,1600000000375911542,1600000000375911505,Beverage Menu,House Cocktails,,Primate Espresso Twist,0.00,0.0,0.00,0.00,0.00,0,0,0,0,0,0
1600000000375911545,1600000000375911544,1600000000375911505,Beverage Menu,House Cocktails,,Cheeky Chimp Twist,0.00,0.0,0.00,0.00,0.00,0,0,0,0,0,0
1600000000375911547,1600000000375911546,1600000000375911505,Beverage Menu,House Cocktails,,Citrus Monkey Twist,0.00,0.0,0.00,0.00,0.00,0,0,0,0,0,0
1600000000375911549,1600000000375911548,1600000000375911505,Beverage Menu,House Cocktails,,Jumping Demon Twist,0.00,0.0,0.00,0.00,0.00,0,0,0,0,0,0
1600000000375911601,1600000000375911600,1600000000375911505,Beverage Menu,House Cocktails,,Paradise Punch,0.00,0.0,0.00,0.00,0.00,0,0,0,0,0,0
1600000000375911603,1600000000375911602,1600000000375911505,Beverage Menu,House Cocktails,,Swinging Sky,0.00,0.0,0.00,0.00,0.00,0,0,0,0,0,0
1600000000375911605,1600000000375911604,1600000000375911505,Beverage Menu,House Cocktails,,Citrus Berry Swing,0.00,0.0,0.00,0.00,0.00,0,0,0,0,0,0
1600000000375911607,1600000000375911606,1600000000375911505,Beverage Menu,House Cocktails,,Tree Top Toss,0.00,0.0,0.00,0.00,0.00,0,0,0,0,0,0
1600000000375911609,1600000000375911608,1600000000375911505,Beverage Menu,House Cocktails,,Cheeky Chimp Splash,0.00,0.0,0.00,0.00,0.00,0,0,0,0,0,0
1600000000375911611,1600000000375911610,1600000000375911505,Beverage Menu,House Cocktails,,Tito's Twist,0.00,0.0,0.00,0.00,0.00,0,0,0,0,0,0
1600000000375911613,1600000000375911612,1600000000375911505,Beverage Menu,House Cocktails,,Jumping Diplomatico,0.00,0.0,0.00,0.00,0.00,0,0,0,0,0,0
1600000000375911615,1600000000375911614,1600000000375911505,Beverage Menu,House Cocktails,,Monkey Mai Tai,0.00,0.0,0.00,0.00,0.00,0,0,0,0,0,0
1600000000375911617,1600000000375911616,1600000000375911505,Beverage Menu,House Cocktails,,Lost in the Island,0.00,0.0,0.00,0.00,0.00,0,0,0,0,0,0
1600000000375911619,1600000000375911618,1600000000375911505,Beverage Menu,House Cocktails,,House Mojito,0.00,0.0,0.00,0.00,0.00,0,0,0,0,0,0
1600000000375911621,1600000000375911620,1600000000375911505,Beverage Menu,House Cocktails,,Monkey Fizz,0.00,0.0,0.00,0.00,0.00,0,0,0,0,0,0
1600000000375911623,1600000000375911622,1600000000375911505,Beverage Menu,House Cocktails,,Rogue Bull,0.00,0.0,0.00,0.00,0.00,0,0,0,0,0,0
1600000000375911625,1600000000375911624,1600000000375911505,Beverage Menu,House Cocktails,,Bloody Mary,0.00,0.0,0.00,0.00,0.00,0,0,0,0,0,0
1600000000375911627,1600000000375911626,1600000000375911505,Beverage Menu,House Cocktails,,Monkey Mule,0.00,0.0,0.00,0.00,0.00,0,0,0,0,0,0
1600000000375911629,1600000000375911628,1600000000375911505,Beverage Menu,House Cocktails,,Cherry Bull,0.00,0.0,0.00,0.00,0.00,0,0,0,0,0,0
1600000000375911631,1600000000375911630,1600000000375911505,Beverage Menu,House Cocktails,,Tree Top Tripple,0.00,0.0,0.00,0.00,0.00,0,0,0,0,0,0
1600000000375911633,1600000000375911632,1600000000375911505,Beverage Menu,House Cocktails,,Jungle Jive Mule,0.00,0.0,0.00,0.00,0.00,0,0,0,0,0,0
1600000000375911635,1600000000375911634,1600000000375911505,Beverage Menu,House Cocktails,,Primate Strawberry Punch,0.00,0.0,0.00,0.00,0.00,0,0,0,0,0,0
1600000000376169735,1600000000376169734,1600000000375911505,Beverage Menu,House Cocktails,,Deep Eddy Lemon,0.00,0.0,0.00,0.00,0.00,0,0,0,0,0,0
1600000000376169737,1600000000376169736,1600000000375911505,Beverage Menu,House Cocktails,,Deep Eddy lLime,0.00,0.0,0.00,0.00,0.00,0,0,0,0,0,0
1600000000376169739,1600000000376169738,1600000000375911505,Beverage Menu,House Cocktails,,Fireball Cinnamon,0.00,0.0,0.00,0.00,0.00,0,0,0,0,0,0
1600000000376169741,1600000000376169740,1600000000375911505,Beverage Menu,House Cocktails,,Jack Daniels Tennessee Apple,0.00,0.0,0.00,0.00,0.00,0,0,0,0,0,0
1600000000376169743,1600000000376169742,1600000000375911505,Beverage Menu,House Cocktails,,Jack Daniels Tennessee Fire,0.00,0.0,0.00,0.00,0.00,0,0,0,0,0,0
1600000000376169745,1600000000376169744,1600000000375911505,Beverage Menu,House Cocktails,,Jager Meister,0.00,0.0,0.00,0.00,0.00,0,0,0,0,0,0
1600000000376169747,1600000000376169746,1600000000375911505,Beverage Menu,House Cocktails,,Jose Cuervo Devils Reserve,0.00,0.0,0.00,0.00,0.00,0,0,0,0,0,0
1600000000376169749,1600000000376169748,1600000000375911505,Beverage Menu,House Cocktails,,Skrewball Peanut butter,0.00,0.0,0.00,0.00,0.00,0,0,0,0,0,0
1600000000376171801,1600000000376171800,1600000000375911505,Beverage Menu,House Cocktails,,Jose Cuervo traditional Blanco,0.00,0.0,0.00,0.00,0.00,0,0,0,0,0,0
1600000000434190825,1600000000433898618,1600000000375911505,Beverage Menu,House Cocktails,,Green Tea Shots,0.00,0.0,0.00,0.00,0.00,0,0,0,0,0,0
1600000000434100794,1600000000435555458,1600000000375911505,Beverage Menu,House Cocktails,,Vegas Bomb,0.00,0.0,0.00,0.00,0.00,0,0,0,0,0,0
1600000000452229722,1600000000451613395,1600000000375911505,Beverage Menu,House Cocktails,,Jack Daniels,0.00,0.0,0.00,0.00,0.00,0,0,0,0,0,0
1600000000522330364,1600000000522330363,1600000000375911505,Beverage Menu,House Cocktails,,Adios MF,0.00,0.0,0.00,0.00,0.00,0,0,0,0,0,0
1600000000534693739,1600000000534693738,1600000000375911505,Beverage Menu,House Cocktails,,Rumple,0.00,0.0,0.00,0.00,0.00,0,0,0,0,0,0
1600000000538065398,1600000000538065397,1600000000375911505,Beverage Menu,House Cocktails,,Kettle one orange,0.00,0.0,0.00,0.00,0.00,0,0,0,0,0,0
1600000000708994116,1600000000708994115,1600000000375911505,Beverage Menu,House Cocktails,,MexicanCandies,0.00,0.0,0.00,0.00,0.00,0,0,0,0,0,0
1600000000709012411,1600000000709012410,1600000000375911505,Beverage Menu,House Cocktails,,Starbust Shots,0.00,0.0,0.00,0.00,0.00,0,0,0,0,0,0
1600000001242420311,1600000001242420310,1600000000375911505,Beverage Menu,House Cocktails,,Flights Feb,0.00,0.0,0.00,0.00,0.00,0,0,0,0,0,0
1600000000376113996,1600000000376113995,,Beverage Menu,NA Bev,,,3.42,7.0,23.96,0.00,23.96,0,0.19444444444444445,0.12962962962962962,0,0.11385668123930812,0.05381850853548967
1600000000429284281,1600000000429592489,1600000000376113996,Beverage Menu,NA Bev,,Red Bull,4.5,2.0,9.00,0.00,9.00,0.2857142857142857,0.05555555555555555,0.037037037037037035,0.3756260434056761,0.042767534689222585,0.020215633423180595
1600000000512590684,1600000000512590683,1600000000376113996,Beverage Menu,NA Bev,,Topo Chico Soda,3.0,1.0,3.00,0.00,3.00,0.14285714285714285,0.027777777777777776,0.018518518518518517,0.12520868113522537,0.014255844896407526,0.006738544474393531
1600000000562336629,1600000000562336628,1600000000376113996,Beverage Menu,NA Bev,,Shirley Temple Moctail,0.00,0.0,0.00,0.00,0.00,0,0,0,0,0,0
1600000000886149474,1600000000886149473,1600000000376113996,Beverage Menu,NA Bev,,Ritual Agave,0.00,0.0,0.00,0.00,0.00,0,0,0,0,0,0
1600000000886149476,1600000000886149475,1600000000376113996,Beverage Menu,NA Bev,,Ritual W,0.00,0.0,0.00,0.00,0.00,0,0,0,0,0,0
1600000001030541634,1600000001030541633,1600000000376113996,Beverage Menu,NA Bev,,Water BTL,0.00,0.0,0.00,0.00,0.00,0,0,0,0,0,0
1600000001031468475,1600000001031468474,1600000000376113996,Beverage Menu,NA Bev,,Reg water,0.00,0.0,0.00,0.00,0.00,0,0,0,0,0,0
1600000001073618734,1600000001073618733,1600000000376113996,Beverage Menu,NA Bev,,Red Bull Sugar Free,0.00,0.0,0.00,0.00,0.00,0,0,0,0,0,0
1600000001202340124,1600000001202340123,1600000000376113996,Beverage Menu,NA Bev,,Virgin Pina Coloda,0.00,0.0,0.00,0.00,0.00,0,0,0,0,0,0
1600000001223835261,1600000001223835260,1600000000376113996,Beverage Menu,NA Bev,,Zero Heinekein,0.00,0.0,0.00,0.00,0.00,0,0,0,0,0,0
1600000000376117542,1600000000376117541,1600000000376113996,Beverage Menu,NA Bev,Soda,,2.99,4.0,11.96,0.00,11.96,0,0.5714285714285714,0.07407407407407407,0,0.4991652754590985,0.026864330637915546
1600000000375911639,1600000000375911638,1600000000376117542,Beverage Menu,NA Bev,Soda,Coke,2.99,4.0,11.96,0.00,11.96,1.0,0.5714285714285714,0.07407407407407407,1.0,0.4991652754590985,0.026864330637915546
1600000000375911641,1600000000375911640,1600000000376117542,Beverage Menu,NA Bev,Soda,Diet Coke,0.00,0.0,0.00,0.00,0.00,0,0,0,0,0,0
1600000000376117544,1600000000376117543,1600000000376113996,Beverage Menu,NA Bev,Juice,,0.00,0.0,0.00,0.00,0.00,0,0,0,0,0,0
1600000000375911645,1600000000375911644,1600000000376117544,Beverage Menu,NA Bev,Juice,Orange Juice,0.00,0.0,0.00,0.00,0.00,0,0,0,0,0,0
1600000000375911647,1600000000375911646,1600000000376117544,Beverage Menu,NA Bev,Juice,Cranberry Juice,0.00,0.0,0.00,0.00,0.00,0,0,0,0,0,0
1600000000376117546,1600000000376117545,1600000000376113996,Beverage Menu,NA Bev,Mocktails,,0.00,0.0,0.00,0.00,0.00,0,0,0,0,0,0
1600000000375911651,1600000000375911650,1600000000376117546,Beverage Menu,NA Bev,Mocktails,Spicy Guava Mary,0.00,0.0,0.00,0.00,0.00,0,0,0,0,0,0
1600000000375911653,1600000000375911652,1600000000376117546,Beverage Menu,NA Bev,Mocktails,Lychee Lover Signature,0.00,0.0,0.00,0.00,0.00,0,0,0,0,0,0
1600000000375911655,1600000000375911654,1600000000376117546,Beverage Menu,NA Bev,Mocktails,Kiwi Spritzer,0.00,0.0,0.00,0.00,0.00,0,0,0,0,0,0
1600000000375911657,1600000000375911656,1600000000376117546,Beverage Menu,NA Bev,Mocktails,Grapefruit,0.00,0.0,0.00,0.00,0.00,0,0,0,0,0,0
,,,,,,,0.00,0.0,0.00,0.00,0.00,0,0,0,0,0,0
1600000000376205646,1600000000376205644,,Happy Hour,Draft Beer HH,,,0.00,0.0,0.00,0.00,0.00,0,0,0,0,0,0
1600000000375910786,1600000000375910785,1600000000376205646,Happy Hour,Draft Beer HH,,Bud Light,0.00,0.0,0.00,0.00,0.00,0,0,0,0,0,0
1600000000375910789,1600000000375910788,1600000000376205646,Happy Hour,Draft Beer HH,,Michelob Ultra,0.00,0.0,0.00,0.00,0.00,0,0,0,0,0,0
1600000000375910792,1600000000375910791,1600000000376205646,Happy Hour,Draft Beer HH,,Firestone,0.00,0.0,0.00,0.00,0.00,0,0,0,0,0,0
1600000000375910794,1600000000375910793,1600000000376205646,Happy Hour,Draft Beer HH,,Corona Extra,0.00,0.0,0.00,0.00,0.00,0,0,0,0,0,0
1600000000375910798,1600000000375910797,1600000000376205646,Happy Hour,Draft Beer HH,,Modelo,0.00,0.0,0.00,0.00,0.00,0,0,0,0,0,0
1600000000375910850,1600000000375910799,1600000000376205646,Happy Hour,Draft Beer HH,,Karbach Hopadillo IPA,0.00,0.0,0.00,0.00,0.00,0,0,0,0,0,0
1600000000375910853,1600000000375910852,1600000000376205646,Happy Hour,Draft Beer HH,,Electric JellyFish IPA,0.00,0.0,0.00,0.00,0.00,0,0,0,0,0,0
1600000000375910855,1600000000375910854,1600000000376205646,Happy Hour,Draft Beer HH,,Stella Artois,0.00,0.0,0.00,0.00,0.00,0,0,0,0,0,0
1600000000376210557,1600000000376210556,,Happy Hour,Cocktails HH,,,0.00,0.0,0.00,0.00,0.00,0,0,0,0,0,0
1600000000375910948,1600000000375910947,1600000000376210557,Happy Hour,Cocktails HH,,Deep eddy lemon,0.00,0.0,0.00,0.00,0.00,0,0,0,0,0,0
1600000000375910950,1600000000375910949,1600000000376210557,Happy Hour,Cocktails HH,,Deep eddy lime,0.00,0.0,0.00,0.00,0.00,0,0,0,0,0,0
1600000000376169739,1600000000376169738,1600000000376210557,Happy Hour,Cocktails HH,,Fireball Cinnamon,0.00,0.0,0.00,0.00,0.00,0,0,0,0,0,0
1600000000376169741,1600000000376169740,1600000000376210557,Happy Hour,Cocktails HH,,Jack Daniels Tennessee Apple,0.00,0.0,0.00,0.00,0.00,0,0,0,0,0,0
1600000000376169743,1600000000376169742,1600000000376210557,Happy Hour,Cocktails HH,,Jack Daniels Tennessee Fire,0.00,0.0,0.00,0.00,0.00,0,0,0,0,0,0
1600000000376169745,1600000000376169744,1600000000376210557,Happy Hour,Cocktails HH,,Jager Meister,0.00,0.0,0.00,0.00,0.00,0,0,0,0,0,0
1600000000376169747,1600000000376169746,1600000000376210557,Happy Hour,Cocktails HH,,Jose Cuervo Devils Reserve,0.00,0.0,0.00,0.00,0.00,0,0,0,0,0,0
1600000000376169749,1600000000376169748,1600000000376210557,Happy Hour,Cocktails HH,,Skrewball Peanut butter,0.00,0.0,0.00,0.00,0.00,0,0,0,0,0,0
1600000000376171801,1600000000376171800,1600000000376210557,Happy Hour,Cocktails HH,,Jose Cuervo traditional Blanco,0.00,0.0,0.00,0.00,0.00,0,0,0,0,0,0
,,,,,,,0.00,0.0,0.00,0.00,0.00,0,0,0,0,0,0
1600000000454978658,1600000000454809273,,HH,Drafts,,,0.00,0.0,0.00,0.00,0.00,0,0,0,0,0,0
1600000000455007358,1600000000455006902,1600000000454978658,HH,Drafts,,Draft Modelo,0.00,0.0,0.00,0.00,0.00,0,0,0,0,0,0
1600000000454836445,1600000000454978676,1600000000454978658,HH,Drafts,,D Corona Extra,0.00,0.0,0.00,0.00,0.00,0,0,0,0,0,0
1600000000455004513,1600000000455069113,1600000000454978658,HH,Drafts,,D BudLight,0.00,0.0,0.00,0.00,0.00,0,0,0,0,0,0
1600000000454833897,1600000000454848095,1600000000454978658,HH,Drafts,,D Michelob Ultra,0.00,0.0,0.00,0.00,0.00,0,0,0,0,0,0
1600000000454833898,1600000000454848096,1600000000454978658,HH,Drafts,,D firestone 805,0.00,0.0,0.00,0.00,0.00,0,0,0,0,0,0
1600000000454833899,1600000000454848097,1600000000454978658,HH,Drafts,,D Stella,0.00,0.0,0.00,0.00,0.00,0,0,0,0,0,0
1600000000455134150,1600000000454848098,1600000000454978658,HH,Drafts,,D Karbach Hopadilo,0.00,0.0,0.00,0.00,0.00,0,0,0,0,0,0
1600000000455134151,1600000000454848099,1600000000454978658,HH,Drafts,,D pinthouse ElectricJellyfish,0.00,0.0,0.00,0.00,0.00,0,0,0,0,0,0
1600000000455004333,1600000000455004334,1600000000454978658,HH,Drafts,Btl/Can,,0.00,0.0,0.00,0.00,0.00,0,0,0,0,0,0
1600000000455140251,1600000000455109358,,HH,BTL,,,0.00,0.0,0.00,0.00,0.00,0,0,0,0,0,0
1600000000455154254,1600000000454809298,1600000000455140251,HH,BTL,,Budweiser,0.00,0.0,0.00,0.00,0.00,0,0,0,0,0,0
1600000000455154255,1600000000454809299,1600000000455140251,HH,BTL,,Dos Equis,0.00,0.0,0.00,0.00,0.00,0,0,0,0,0,0
1600000000455154256,1600000000455180700,1600000000455140251,HH,BTL,,Kona Big Wave,0.00,0.0,0.00,0.00,0.00,0,0,0,0,0,0
1600000000455154257,1600000000455180701,1600000000455140251,HH,BTL,,Heineken,0.00,0.0,0.00,0.00,0.00,0,0,0,0,0,0
1600000000455154258,1600000000455180702,1600000000455140251,HH,BTL,,Blue Moon,0.00,0.0,0.00,0.00,0.00,0,0,0,0,0,0
1600000000455154259,1600000000455180703,1600000000455140251,HH,BTL,,Corona Extra,0.00,0.0,0.00,0.00,0.00,0,0,0,0,0,0
1600000001147341424,1600000001147341423,1600000000455140251,HH,BTL,,Miller lite,0.00,0.0,0.00,0.00,0.00,0,0,0,0,0,0
1600000001147341426,1600000001147341425,1600000000455140251,HH,BTL,,Coors lite,0.00,0.0,0.00,0.00,0.00,0,0,0,0,0,0
1600000000455000633,1600000000455134159,,HH,Well Shots,,,0.00,0.0,0.00,0.00,0.00,0,0,0,0,0,0
1600000000455340100,1600000000455197107,1600000000455000633,HH,Well Shots,,Tequila,0.00,0.0,0.00,0.00,0.00,0,0,0,0,0,0
1600000000455267452,1600000000455197896,1600000000455000633,HH,Well Shots,,Vodka,0.00,0.0,0.00,0.00,0.00,0,0,0,0,0,0
1600000000455140883,1600000000455303363,1600000000455000633,HH,Well Shots,,Rum,0.00,0.0,0.00,0.00,0.00,0,0,0,0,0,0
1600000000455215334,1600000000455071829,1600000000455000633,HH,Well Shots,,Whiskey,0.00,0.0,0.00,0.00,0.00,0,0,0,0,0,0
1600000000455047237,1600000000455180723,1600000000455000633,HH,Well Shots,,gin,0.00,0.0,0.00,0.00,0.00,0,0,0,0,0,0
1600000000568054595,1600000000568054594,,HH,Wings and Beer Bucket,,,0.00,0.0,0.00,0.00,0.00,0,0,0,0,0,0
1600000000568083071,1600000000568083070,1600000000568054595,HH,Wings and Beer Bucket,,Wings and Beer Bucket,0.00,0.0,0.00,0.00,0.00,0,0,0,0,0,0
1600000000603411175,1600000000603411174,,HH,Wings and Wells,,,0.00,0.0,0.00,0.00,0.00,0,0,0,0,0,0
1600000000603434788,1600000000603434787,1600000000603411175,HH,Wings and Wells,,wings,0.00,0.0,0.00,0.00,0.00,0,0,0,0,0,0
,,,,,,,0.00,0.0,0.00,0.00,0.00,0,0,0,0,0,0
1600000000813491441,1600000000813491440,,NYE,Drinks,,,0.00,0.0,0.00,0.00,0.00,0,0,0,0,0,0
1600000000813603576,1600000000813603575,1600000000813491441,NYE,Drinks,,Green tea shots,0.00,0.0,0.00,0.00,0.00,0,0,0,0,0,0
1600000000813603578,1600000000813603577,1600000000813491441,NYE,Drinks,,Starburst,0.00,0.0,0.00,0.00,0.00,0,0,0,0,0,0
1600000000813603580,1600000000813603579,1600000000813491441,NYE,Drinks,,Mexican candy,0.00,0.0,0.00,0.00,0.00,0,0,0,0,0,0
1600000000813603582,1600000000813603581,1600000000813491441,NYE,Drinks,,Lemon drop,0.00,0.0,0.00,0.00,0.00,0,0,0,0,0,0
1600000000813603584,1600000000813603583,1600000000813491441,NYE,Drinks,,Blue Scooby Snack,0.00,0.0,0.00,0.00,0.00,0,0,0,0,0,0
1600000000813603586,1600000000813603585,1600000000813491441,NYE,Drinks,,Screw Driver,0.00,0.0,0.00,0.00,0.00,0,0,0,0,0,0
1600000000813603588,1600000000813603587,1600000000813491441,NYE,Drinks,,Margarita,0.00,0.0,0.00,0.00,0.00,0,0,0,0,0,0
1600000000813603590,1600000000813603589,1600000000813491441,NYE,Drinks,,Old Fashion,0.00,0.0,0.00,0.00,0.00,0,0,0,0,0,0
1600000000813603592,1600000000813603591,1600000000813491441,NYE,Drinks,,Dirty Martini,0.00,0.0,0.00,0.00,0.00,0,0,0,0,0,0
1600000000813603594,1600000000813603593,1600000000813491441,NYE,Drinks,,Dirty Shirley,0.00,0.0,0.00,0.00,0.00,0,0,0,0,0,0
1600000000813603596,1600000000813603595,1600000000813491441,NYE,Drinks,,Wine,0.00,0.0,0.00,0.00,0.00,0,0,0,0,0,0
1600000000813603598,1600000000813603597,1600000000813491441,NYE,Drinks,,Virgin mojito na,0.00,0.0,0.00,0.00,0.00,0,0,0,0,0,0
1600000000813603700,1600000000813603599,1600000000813491441,NYE,Drinks,,Shirley mocktail na,0.00,0.0,0.00,0.00,0.00,0,0,0,0,0,0
,,,,,,,0.00,0.0,0.00,0.00,0.00,0,0,0,0,0,0
1600000000893077813,1600000000893077812,,Game Specials,Wells,,,0.00,0.0,0.00,0.00,0.00,0,0,0,0,0,0
1600000000893106701,1600000000893106700,1600000000893077813,Game Specials,Wells,,Well T,0.00,0.0,0.00,0.00,0.00,0,0,0,0,0,0
1600000000893106703,1600000000893106702,1600000000893077813,Game Specials,Wells,,Well R,0.00,0.0,0.00,0.00,0.00,0,0,0,0,0,0
1600000000893106705,1600000000893106704,1600000000893077813,Game Specials,Wells,,Well V,0.00,0.0,0.00,0.00,0.00,0,0,0,0,0,0
1600000000893106707,1600000000893106706,1600000000893077813,Game Specials,Wells,,Well W,0.00,0.0,0.00,0.00,0.00,0,0,0,0,0,0
1600000000893106709,1600000000893106708,1600000000893077813,Game Specials,Wells,,Well G,0.00,0.0,0.00,0.00,0.00,0,0,0,0,0,0
1600000000959798717,1600000000959798716,,Game Specials,Draft,,,0.00,0.0,0.00,0.00,0.00,0,0,0,0,0,0
1600000000959815526,1600000000959815525,1600000000959798717,Game Specials,Draft,,Stella,0.00,0.0,0.00,0.00,0.00,0,0,0,0,0,0
1600000000959815528,1600000000959815527,1600000000959798717,Game Specials,Draft,,Modelo,0.00,0.0,0.00,0.00,0.00,0,0,0,0,0,0
1600000000959815530,1600000000959815529,1600000000959798717,Game Specials,Draft,,Ultra,0.00,0.0,0.00,0.00,0.00,0,0,0,0,0,0
1600000000959815532,1600000000959815531,1600000000959798717,Game Specials,Draft,,Budlight,0.00,0.0,0.00,0.00,0.00,0,0,0,0,0,0
1600000000959815534,1600000000959815533,1600000000959798717,Game Specials,Draft,,Corona Extra,0.00,0.0,0.00,0.00,0.00,0,0,0,0,0,0
1600000000959815536,1600000000959815535,1600000000959798717,Game Specials,Draft,,805,0.00,0.0,0.00,0.00,0.00,0,0,0,0,0,0
1600000000959815538,1600000000959815537,1600000000959798717,Game Specials,Draft,,Electric Jelly Fish,0.00,0.0,0.00,0.00,0.00,0,0,0,0,0,0
1600000000959815540,1600000000959815539,1600000000959798717,Game Specials,Draft,,Karback IPA,0.00,0.0,0.00,0.00,0.00,0,0,0,0,0,0
1600000000959798719,1600000000959798718,,Game Specials,BTL,,,0.00,0.0,0.00,0.00,0.00,0,0,0,0,0,0
1600000000959832117,1600000000959832116,1600000000959798719,Game Specials,BTL,,ultra,0.00,0.0,0.00,0.00,0.00,0,0,0,0,0,0
1600000000959832119,1600000000959832118,1600000000959798719,Game Specials,BTL,,coors lite,0.00,0.0,0.00,0.00,0.00,0,0,0,0,0,0
1600000000959832121,1600000000959832120,1600000000959798719,Game Specials,BTL,,miller lite,0.00,0.0,0.00,0.00,0.00,0,0,0,0,0,0
1600000000959832123,1600000000959832122,1600000000959798719,Game Specials,BTL,,bluemoon,0.00,0.0,0.00,0.00,0.00,0,0,0,0,0,0
1600000000959832125,1600000000959832124,1600000000959798719,Game Specials,BTL,,dos,0.00,0.0,0.00,0.00,0.00,0,0,0,0,0,0
1600000000959832127,1600000000959832126,1600000000959798719,Game Specials,BTL,,corona extra,0.00,0.0,0.00,0.00,0.00,0,0,0,0,0,0
1600000000959832129,1600000000959832128,1600000000959798719,Game Specials,BTL,,shiner,0.00,0.0,0.00,0.00,0.00,0,0,0,0,0,0
1600000000959836068,1600000000959836067,,Game Specials,wings,,,0.00,0.0,0.00,0.00,0.00,0,0,0,0,0,0
1600000000959849089,1600000000959849088,1600000000959836068,Game Specials,wings,,6 wings,0.00,0.0,0.00,0.00,0.00,0,0,0,0,0,0
1600000001100811590,1600000001100811589,,Game Specials,Buckets and Pitchers,,,0.00,0.0,0.00,0.00,0.00,0,0,0,0,0,0
1600000001100842809,1600000001100842808,1600000001100811590,Game Specials,Buckets and Pitchers,,Ultra pitcher,0.00,0.0,0.00,0.00,0.00,0,0,0,0,0,0
1600000001100842811,1600000001100842810,1600000001100811590,Game Specials,Buckets and Pitchers,,Budlight pitcher,0.00,0.0,0.00,0.00,0.00,0,0,0,0,0,0
1600000001100842813,1600000001100842812,1600000001100811590,Game Specials,Buckets and Pitchers,,Ultra bucket-5,0.00,0.0,0.00,0.00,0.00,0,0,0,0,0,0
1600000001100842815,1600000001100842814,1600000001100811590,Game Specials,Buckets and Pitchers,,Budlight bucket -6,0.00,0.0,0.00,0.00,0.00,0,0,0,0,0,0
1600000001100842817,1600000001100842816,1600000001100811590,Game Specials,Buckets and Pitchers,,Millerlite bucket -6,0.00,0.0,0.00,0.00,0.00,0,0,0,0,0,0
,,,,,,,0.00,0.0,0.00,0.00,0.00,0,0,0,0,0,0
1600000001074688358,1600000001074688357,,Tequila Tuesdays,TTue,,,0.00,0.0,0.00,0.00,0.00,0,0,0,0,0,0
1600000001074723858,1600000001074723857,1600000001074688358,Tequila Tuesdays,TTue,,Well Teq,0.00,0.0,0.00,0.00,0.00,0,0,0,0,0,0
1600000001074723860,1600000001074723859,1600000001074688358,Tequila Tuesdays,TTue,,Espolon Blanco,0.00,0.0,0.00,0.00,0.00,0,0,0,0,0,0
1600000001074723862,1600000001074723861,1600000001074688358,Tequila Tuesdays,TTue,,Espolon Repo,0.00,0.0,0.00,0.00,0.00,0,0,0,0,0,0
1600000001074723864,1600000001074723863,1600000001074688358,Tequila Tuesdays,TTue,,Jaja,0.00,0.0,0.00,0.00,0.00,0,0,0,0,0,0
1600000001074723866,1600000001074723865,1600000001074688358,Tequila Tuesdays,TTue,,Lalo,0.00,0.0,0.00,0.00,0.00,0,0,0,0,0,0
1600000001074723868,1600000001074723867,1600000001074688358,Tequila Tuesdays,TTue,,Silver patron,0.00,0.0,0.00,0.00,0.00,0,0,0,0,0,0
1600000001258635474,1600000001258635473,1600000001074688358,Tequila Tuesdays,TTue,,Don Julio,0.00,0.0,0.00,0.00,0.00,0,0,0,0,0,0
1600000001258635476,1600000001258635475,1600000001074688358,Tequila Tuesdays,TTue,,Lunazul,0.00,0.0,0.00,0.00,0.00,0,0,0,0,0,0
,,,,,,,0.00,0.0,0.00,0.00,0.00,0,0,0,0,0,0
1600000001079556125,1600000001079556124,,Food Menu (GH),Appetizers,,,0.00,0.0,0.00,0.00,0.00,0,0,0,0,0,0
1600000000375910512,1600000000375910511,1600000001079556125,Food Menu (GH),Appetizers,,Chicken Wings,0.00,0.0,0.00,0.00,0.00,0,0,0,0,0,0
1600000000375910514,1600000000375910513,1600000001079556125,Food Menu (GH),Appetizers,,Crispy Fish,0.00,0.0,0.00,0.00,0.00,0,0,0,0,0,0
1600000000375910516,1600000000375910515,1600000001079556125,Food Menu (GH),Appetizers,,Fried Shrimp,0.00,0.0,0.00,0.00,0.00,0,0,0,0,0,0
1600000000375910518,1600000000375910517,1600000001079556125,Food Menu (GH),Appetizers,,Chicken Tenders,0.00,0.0,0.00,0.00,0.00,0,0,0,0,0,0
1600000000375910520,1600000000375910519,1600000001079556125,Food Menu (GH),Appetizers,,Loaded Fries,0.00,0.0,0.00,0.00,0.00,0,0,0,0,0,0
1600000000375910522,1600000000375910521,1600000001079556125,Food Menu (GH),Appetizers,,Chicken Samurai,0.00,0.0,0.00,0.00,0.00,0,0,0,0,0,0
1600000000454770812,1600000000454732125,1600000001079556125,Food Menu (GH),Appetizers,,Wing Wednesday,0.00,0.0,0.00,0.00,0.00,0,0,0,0,0,0
1600000000631459782,1600000000631459781,1600000001079556125,Food Menu (GH),Appetizers,,15 Game Day Wings,0.00,0.0,0.00,0.00,0.00,0,0,0,0,0,0
1600000000645346593,1600000000645346592,1600000001079556125,Food Menu (GH),Appetizers,,777,0.00,0.0,0.00,0.00,0.00,0,0,0,0,0,0
1600000000645346597,1600000000645346596,1600000001079556125,Food Menu (GH),Appetizers,,Chicken Samurai,0.00,0.0,0.00,0.00,0.00,0,0,0,0,0,0
1600000000698429037,1600000000698429036,1600000001079556125,Food Menu (GH),Appetizers,,Manchurian,0.00,0.0,0.00,0.00,0.00,0,0,0,0,0,0
1600000000723131341,1600000000723131340,1600000001079556125,Food Menu (GH),Appetizers,,Jungle Fire,0.00,0.0,0.00,0.00,0.00,0,0,0,0,0,0
1600000000723131343,1600000000723131342,1600000001079556125,Food Menu (GH),Appetizers,,Jungle Fire Paneeer,0.00,0.0,0.00,0.00,0.00,0,0,0,0,0,0
1600000000723131345,1600000000723131344,1600000001079556125,Food Menu (GH),Appetizers,,Jungle Fire Mushroom,0.00,0.0,0.00,0.00,0.00,0,0,0,0,0,0
1600000000723131347,1600000000723131346,1600000001079556125,Food Menu (GH),Appetizers,,Jungle Green Chicken,0.00,0.0,0.00,0.00,0.00,0,0,0,0,0,0
1600000000723131349,1600000000723131348,1600000001079556125,Food Menu (GH),Appetizers,,Jungle Green Mushroom,0.00,0.0,0.00,0.00,0.00,0,0,0,0,0,0
1600000000723132451,1600000000723132450,1600000001079556125,Food Menu (GH),Appetizers,,Jungle Green Paneer,0.00,0.0,0.00,0.00,0.00,0,0,0,0,0,0
1600000000876248613,1600000000876248612,1600000001079556125,Food Menu (GH),Appetizers,,$5 Wings,0.00,0.0,0.00,0.00,0.00,0,0,0,0,0,0
1600000001079556127,1600000001079556126,,Food Menu (GH),Quick Bites,,,0.00,0.0,0.00,0.00,0.00,0,0,0,0,0,0
1600000000375910526,1600000000375910525,1600000001079556127,Food Menu (GH),Quick Bites,,Mozarella Sticks,0.00,0.0,0.00,0.00,0.00,0,0,0,0,0,0
1600000000375910528,1600000000375910527,1600000001079556127,Food Menu (GH),Quick Bites,,Jalepeno Poppers,0.00,0.0,0.00,0.00,0.00,0,0,0,0,0,0
1600000000375910530,1600000000375910529,1600000001079556127,Food Menu (GH),Quick Bites,,Falafel,0.00,0.0,0.00,0.00,0.00,0,0,0,0,0,0
1600000000375910532,1600000000375910531,1600000001079556127,Food Menu (GH),Quick Bites,,Onion Rings,0.00,0.0,0.00,0.00,0.00,0,0,0,0,0,0
1600000000375910540,1600000000375910539,1600000001079556127,Food Menu (GH),Quick Bites,,Chicken Nuggets,0.00,0.0,0.00,0.00,0.00,0,0,0,0,0,0
1600000001079556129,1600000001079556128,,Food Menu (GH),Burgers,,,0.00,0.0,0.00,0.00,0.00,0,0,0,0,0,0
1600000000375910544,1600000000375910543,1600000001079556129,Food Menu (GH),Burgers,,Sizzling Smash,0.00,0.0,0.00,0.00,0.00,0,0,0,0,0,0
1600000000375910546,1600000000375910545,1600000001079556129,Food Menu (GH),Burgers,,Double Down,0.00,0.0,0.00,0.00,0.00,0,0,0,0,0,0
1600000000375910548,1600000000375910547,1600000001079556129,Food Menu (GH),Burgers,,3 Pointer,0.00,0.0,0.00,0.00,0.00,0,0,0,0,0,0
1600000000375910600,1600000000375910549,1600000001079556129,Food Menu (GH),Burgers,,Victory Burger,0.00,0.0,0.00,0.00,0.00,0,0,0,0,0,0
1600000001079556131,1600000001079556130,,Food Menu (GH),Wraps,,,0.00,0.0,0.00,0.00,0.00,0,0,0,0,0,0
1600000000375910604,1600000000375910603,1600000001079556131,Food Menu (GH),Wraps,,Steak Wrap,0.00,0.0,0.00,0.00,0.00,0,0,0,0,0,0
1600000000375910606,1600000000375910605,1600000001079556131,Food Menu (GH),Wraps,,Lamb Wrap,0.00,0.0,0.00,0.00,0.00,0,0,0,0,0,0
1600000000375910608,1600000000375910607,1600000001079556131,Food Menu (GH),Wraps,,Chicken Wrap,0.00,0.0,0.00,0.00,0.00,0,0,0,0,0,0
1600000000375910610,1600000000375910609,1600000001079556131,Food Menu (GH),Wraps,,Falafel Wrap,0.00,0.0,0.00,0.00,0.00,0,0,0,0,0,0
1600000001079556133,1600000001079556132,,Food Menu (GH),Pita Crave,,,0.00,0.0,0.00,0.00,0.00,0,0,0,0,0,0
1600000000375910614,1600000000375910613,1600000001079556133,Food Menu (GH),Pita Crave,,Grill Chicken Pitawich,0.00,0.0,0.00,0.00,0.00,0,0,0,0,0,0
1600000000375910616,1600000000375910615,1600000001079556133,Food Menu (GH),Pita Crave,,Crispy Chicken Pitawich,0.00,0.0,0.00,0.00,0.00,0,0,0,0,0,0
1600000000375910618,1600000000375910617,1600000001079556133,Food Menu (GH),Pita Crave,,Steak Pitawich,0.00,0.0,0.00,0.00,0.00,0,0,0,0,0,0
1600000000375910620,1600000000375910619,1600000001079556133,Food Menu (GH),Pita Crave,,Falafel Pitawich,0.00,0.0,0.00,0.00,0.00,0,0,0,0,0,0
1600000001079556135,1600000001079556134,,Food Menu (GH),Philly Station,,,0.00,0.0,0.00,0.00,0.00,0,0,0,0,0,0
1600000000375910624,1600000000375910623,1600000001079556135,Food Menu (GH),Philly Station,,Grill Chicken Philly Melt,0.00,0.0,0.00,0.00,0.00,0,0,0,0,0,0
1600000000375910626,1600000000375910625,1600000001079556135,Food Menu (GH),Philly Station,,Crispy Chicken Philly Crunch,0.00,0.0,0.00,0.00,0.00,0,0,0,0,0,0
1600000000375910628,1600000000375910627,1600000001079556135,Food Menu (GH),Philly Station,,Cheese Steak Philly Melt,0.00,0.0,0.00,0.00,0.00,0,0,0,0,0,0
1600000000375910630,1600000000375910629,1600000001079556135,Food Menu (GH),Philly Station,,Chop Cheese Philly Melt,0.00,0.0,0.00,0.00,0.00,0,0,0,0,0,0
1600000000375910632,1600000000375910631,1600000001079556135,Food Menu (GH),Philly Station,,Heavy Duty Philly Supreme,0.00,0.0,0.00,0.00,0.00,0,0,0,0,0,0
1600000001079556137,1600000001079556136,,Food Menu (GH),Grill and Chill Platters,,,0.00,0.0,0.00,0.00,0.00,0,0,0,0,0,0
1600000000375910636,1600000000375910635,1600000001079556137,Food Menu (GH),Grill and Chill Platters,,Grill Chicken Power Platter,0.00,0.0,0.00,0.00,0.00,0,0,0,0,0,0
1600000000375910638,1600000000375910637,1600000001079556137,Food Menu (GH),Grill and Chill Platters,,Crispy Chicken Platter,0.00,0.0,0.00,0.00,0.00,0,0,0,0,0,0
1600000000375910640,1600000000375910639,1600000001079556137,Food Menu (GH),Grill and Chill Platters,,Beast Combo Platter,0.00,0.0,0.00,0.00,0.00,0,0,0,0,0,0
1600000000375910642,1600000000375910641,1600000001079556137,Food Menu (GH),Grill and Chill Platters,,Falafel Fiesta Platter,0.00,0.0,0.00,0.00,0.00,0,0,0,0,0,0
1600000000375910644,1600000000375910643,1600000001079556137,Food Menu (GH),Grill and Chill Platters,,Crispy Catch Platter,0.00,0.0,0.00,0.00,0.00,0,0,0,0,0,0
1600000000375910646,1600000000375910645,1600000001079556137,Food Menu (GH),Grill and Chill Platters,,Baja Shrimp Platter,0.00,0.0,0.00,0.00,0.00,0,0,0,0,0,0
1600000000375910648,1600000000375910647,1600000001079556137,Food Menu (GH),Grill and Chill Platters,,Steak Supreme Platter,0.00,0.0,0.00,0.00,0.00,0,0,0,0,0,0
1600000000409985513,1600000000409832645,1600000001079556137,Food Menu (GH),Grill and Chill Platters,,Lamb Platter,0.00,0.0,0.00,0.00,0.00,0,0,0,0,0,0
1600000001079556139,1600000001079556138,,Food Menu (GH),Salads,,,0.00,0.0,0.00,0.00,0.00,0,0,0,0,0,0
1600000000375910652,1600000000375910651,1600000001079556139,Food Menu (GH),Salads,,Chicken Power Bowl,0.00,0.0,0.00,0.00,0.00,0,0,0,0,0,0
1600000000375910654,1600000000375910653,1600000001079556139,Food Menu (GH),Salads,,Lamb Garden Bowl,0.00,0.0,0.00,0.00,0.00,0,0,0,0,0,0
1600000000375910656,1600000000375910655,1600000001079556139,Food Menu (GH),Salads,,Falafel Crunch Bowl,0.00,0.0,0.00,0.00,0.00,0,0,0,0,0,0
1600000000375910658,1600000000375910657,1600000001079556139,Food Menu (GH),Salads,,Steak House Salad,0.00,0.0,0.00,0.00,0.00,0,0,0,0,0,0
1600000001079556141,1600000001079556140,,Food Menu (GH),Desserts,,,0.00,0.0,0.00,0.00,0.00,0,0,0,0,0,0
1600000000375910662,1600000000375910661,1600000001079556141,Food Menu (GH),Desserts,,Nutella Cheese Cake,0.00,0.0,0.00,0.00,0.00,0,0,0,0,0,0
1600000000375910664,1600000000375910663,1600000001079556141,Food Menu (GH),Desserts,,Cheese Cake,0.00,0.0,0.00,0.00,0.00,0,0,0,0,0,0
1600000000375910666,1600000000375910665,1600000001079556141,Food Menu (GH),Desserts,,Leches Cake,0.00,0.0,0.00,0.00,0.00,0,0,0,0,0,0
1600000000375910668,1600000000375910667,1600000001079556141,Food Menu (GH),Desserts,,Red Velvet Cake,0.00,0.0,0.00,0.00,0.00,0,0,0,0,0,0
1600000000375910670,1600000000375910669,1600000001079556141,Food Menu (GH),Desserts,,Carrot Cake,0.00,0.0,0.00,0.00,0.00,0,0,0,0,0,0
1600000001079556143,1600000001079556142,,Food Menu (GH),Thick Shakes,,,0.00,0.0,0.00,0.00,0.00,0,0,0,0,0,0
1600000000375910675,1600000000375910674,1600000001079556143,Food Menu (GH),Thick Shakes,,Vanila Vibe,0.00,0.0,0.00,0.00,0.00,0,0,0,0,0,0
1600000000375910678,1600000000375910677,1600000001079556143,Food Menu (GH),Thick Shakes,,Choclate Rush,0.00,0.0,0.00,0.00,0.00,0,0,0,0,0,0
1600000000375910680,1600000000375910679,1600000001079556143,Food Menu (GH),Thick Shakes,,Strawbery Swirl,0.00,0.0,0.00,0.00,0.00,0,0,0,0,0,0
1600000000375910682,1600000000375910681,1600000001079556143,Food Menu (GH),Thick Shakes,,Mango Mood,0.00,0.0,0.00,0.00,0.00,0,0,0,0,0,0
1600000000375910684,1600000000375910683,1600000001079556143,Food Menu (GH),Thick Shakes,,Oreo Craze,0.00,0.0,0.00,0.00,0.00,0,0,0,0,0,0
1600000001079556145,1600000001079556144,,Food Menu (GH),Bar Bites,,,0.00,0.0,0.00,0.00,0.00,0,0,0,0,0,0
1600000000402457569,1600000000402457568,1600000001079556145,Food Menu (GH),Bar Bites,,Monkey Masala Peanuts,0.00,0.0,0.00,0.00,0.00,0,0,0,0,0,0
1600000000402457571,1600000000402457570,1600000001079556145,Food Menu (GH),Bar Bites,,Monkey Masala Roasted Chickpeas,0.00,0.0,0.00,0.00,0.00,0,0,0,0,0,0
1600000000402457573,1600000000402457572,1600000001079556145,Food Menu (GH),Bar Bites,,Golden Monkey Mix,0.00,0.0,0.00,0.00,0.00,0,0,0,0,0,0
1600000000402457575,1600000000402457574,1600000001079556145,Food Menu (GH),Bar Bites,,Double Golden Monkey Mix,0.00,0.0,0.00,0.00,0.00,0,0,0,0,0,0
1600000001079556147,1600000001079556146,,Food Menu (GH),Gyros,,,0.00,0.0,0.00,0.00,0.00,0,0,0,0,0,0
1600000000410047388,1600000000410320826,1600000001079556147,Food Menu (GH),Gyros,,Falafel Gyro,0.00,0.0,0.00,0.00,0.00,0,0,0,0,0,0
1600000000410047389,1600000000410320827,1600000001079556147,Food Menu (GH),Gyros,,Chicken Gyro,0.00,0.0,0.00,0.00,0.00,0,0,0,0,0,0
1600000000449341364,1600000000449364881,1600000001079556147,Food Menu (GH),Gyros,,Lamb Gyro,0.00,0.0,0.00,0.00,0.00,0,0,0,0,0,0
1600000000505928533,1600000000505928532,1600000001079556147,Food Menu (GH),Gyros,,Combo gyro,0.00,0.0,0.00,0.00,0.00,0,0,0,0,0,0
1600000000505963786,1600000000505963785,1600000001079556147,Food Menu (GH),Gyros,,Steak gyro,0.00,0.0,0.00,0.00,0.00,0,0,0,0,0,0
1600000001079556149,1600000001079556148,,Food Menu (GH),5 Monkey's Classics,,,0.00,0.0,0.00,0.00,0.00,0,0,0,0,0,0
1600000000417580100,1600000000417450548,1600000001079556149,Food Menu (GH),5 Monkey's Classics,,Rib Eye Steak,0.00,0.0,0.00,0.00,0.00,0,0,0,0,0,0
1600000000417375329,1600000000417348640,1600000001079556149,Food Menu (GH),5 Monkey's Classics,,New York Steak,0.00,0.0,0.00,0.00,0.00,0,0,0,0,0,0
1600000000417581806,1600000000417449813,1600000001079556149,Food Menu (GH),5 Monkey's Classics,,Lamb Chops,0.00,0.0,0.00,0.00,0.00,0,0,0,0,0,0
1600000000417310946,1600000000417348648,1600000001079556149,Food Menu (GH),5 Monkey's Classics,,Chicken Succatash,0.00,0.0,0.00,0.00,0.00,0,0,0,0,0,0
1600000000463104719,1600000000463104720,1600000001079556149,Food Menu (GH),5 Monkey's Classics,,T Bone Steak,0.00,0.0,0.00,0.00,0.00,0,0,0,0,0,0
1600000000613835251,1600000000613835250,1600000001079556149,Food Menu (GH),5 Monkey's Classics,,Beef Ribs,0.00,0.0,0.00,0.00,0.00,0,0,0,0,0,0
1600000001079556201,1600000001079556200,,Food Menu (GH),Sides,,,0.00,0.0,0.00,0.00,0.00,0,0,0,0,0,0
1600000000458632931,1600000000459705286,1600000001079556201,Food Menu (GH),Sides,,Side Rice,0.00,0.0,0.00,0.00,0.00,0,0,0,0,0,0
1600000000459000796,1600000000459622206,1600000001079556201,Food Menu (GH),Sides,,Side Fries,0.00,0.0,0.00,0.00,0.00,0,0,0,0,0,0
1600000000700919600,1600000000700917699,1600000001079556201,Food Menu (GH),Sides,,Pita,0.00,0.0,0.00,0.00,0.00,0,0,0,0,0,0
1600000000750390633,1600000000750390632,1600000001079556201,Food Menu (GH),Sides,,Salad,0.00,0.0,0.00,0.00,0.00,0,0,0,0,0,0
1600000000871281758,1600000000871281757,1600000001079556201,Food Menu (GH),Sides,,Sub Onion Rings,0.00,0.0,0.00,0.00,0.00,0,0,0,0,0,0
1600000001079556203,1600000001079556202,,Food Menu (GH),Roadrunner Specials,,,0.00,0.0,0.00,0.00,0.00,0,0,0,0,0,0
1600000001079556205,1600000001079556204,,Food Menu (GH),Mandi,,,0.00,0.0,0.00,0.00,0.00,0,0,0,0,0,0
1600000000840478404,1600000000840478403,1600000001079556205,Food Menu (GH),Mandi,,Juicy Chicken Mandi,0.00,0.0,0.00,0.00,0.00,0,0,0,0,0,0
1600000000840478406,1600000000840478405,1600000001079556205,Food Menu (GH),Mandi,,Juicly Paneer Mandi,0.00,0.0,0.00,0.00,0.00,0,0,0,0,0,0
1600000000942402359,1600000000942402358,1600000001079556205,Food Menu (GH),Mandi,,2 Juicy Chicken Mandi,0.00,0.0,0.00,0.00,0.00,0,0,0,0,0,0
1600000000942402361,1600000000942402360,1600000001079556205,Food Menu (GH),Mandi,,4 Juicy Chicken Mandi,0.00,0.0,0.00,0.00,0.00,0,0,0,0,0,0
1600000000942417802,1600000000942417801,1600000001079556205,Food Menu (GH),Mandi,,2 Juicy paneer Mandi for 2,0.00,0.0,0.00,0.00,0.00,0,0,0,0,0,0
1600000000942417804,1600000000942417803,1600000001079556205,Food Menu (GH),Mandi,,4 Juicy Paneer mandi for 4,0.00,0.0,0.00,0.00,0.00,0,0,0,0,0,0
1600000001036528465,1600000001036528464,1600000001079556205,Food Menu (GH),Mandi,,Juicy Lamb Shank Mandi,0.00,0.0,0.00,0.00,0.00,0,0,0,0,0,0
1600000001036559163,1600000001036559162,1600000001079556205,Food Menu (GH),Mandi,,2 Juicy Lamb Shank Mandi,0.00,0.0,0.00,0.00,0.00,0,0,0,0,0,0
1600000001036559165,1600000001036559164,1600000001079556205,Food Menu (GH),Mandi,,4 Juicy Lamb Shank Mandi,0.00,0.0,0.00,0.00,0.00,0,0,0,0,0,0
,,,,,,,0.00,0.0,0.00,0.00,0.00,0,0,0,0,0,0
1600000001079905231,1600000001079905230,,Wed Specials,Drinks,,,0.00,0.0,0.00,0.00,0.00,0,0,0,0,0,0
1600000001079910950,1600000001079910299,1600000001079905231,Wed Specials,Drinks,,Rumple,0.00,0.0,0.00,0.00,0.00,0,0,0,0,0,0
1600000001079910952,1600000001079910951,1600000001079905231,Wed Specials,Drinks,,Jaeger,0.00,0.0,0.00,0.00,0.00,0,0,0,0,0,0
,,,,,,,0.00,0.0,0.00,0.00,0.00,0,0,0,0,0,0
1600000001117188703,1600000001117188702,,DJ Special,Drinks,,,0.00,0.0,0.00,0.00,0.00,0,0,0,0,0,0
1600000001117220653,1600000001117220652,1600000001117188703,DJ Special,Drinks,,Rumple,0.00,0.0,0.00,0.00,0.00,0,0,0,0,0,0
1600000001117220655,1600000001117220654,1600000001117188703,DJ Special,Drinks,,Jaeger,0.00,0.0,0.00,0.00,0.00,0,0,0,0,0,0
1600000001117220657,1600000001117220656,1600000001117188703,DJ Special,Drinks,,Well T,0.00,0.0,0.00,0.00,0.00,0,0,0,0,0,0
1600000001117220659,1600000001117220658,1600000001117188703,DJ Special,Drinks,,Well V,0.00,0.0,0.00,0.00,0.00,0,0,0,0,0,0
1600000001117220661,1600000001117220660,1600000001117188703,DJ Special,Drinks,,D Budlight,0.00,0.0,0.00,0.00,0.00,0,0,0,0,0,0
,,,,,,,0.00,0.0,0.00,0.00,0.00,0,0,0,0,0,0
1600000001137863313,1600000001137863312,,Dbl Game day Spcls,Drinks,,,0.00,0.0,0.00,0.00,0.00,0,0,0,0,0,0
1600000001137877460,1600000001137877459,1600000001137863313,Dbl Game day Spcls,Drinks,,Dbl Well t,0.00,0.0,0.00,0.00,0.00,0,0,0,0,0,0
1600000001137877462,1600000001137877461,1600000001137863313,Dbl Game day Spcls,Drinks,,Dbl well v,0.00,0.0,0.00,0.00,0.00,0,0,0,0,0,0
1600000001137877464,1600000001137877463,1600000001137863313,Dbl Game day Spcls,Drinks,,Dbl well w,0.00,0.0,0.00,0.00,0.00,0,0,0,0,0,0
1600000001137877466,1600000001137877465,1600000001137863313,Dbl Game day Spcls,Drinks,,Dbl jameson,0.00,0.0,0.00,0.00,0.00,0,0,0,0,0,0
1600000001137877468,1600000001137877467,1600000001137863313,Dbl Game day Spcls,Drinks,,Dbl lalo,0.00,0.0,0.00,0.00,0.00,0,0,0,0,0,0
1600000001137877470,1600000001137877469,1600000001137863313,Dbl Game day Spcls,Drinks,,Dbl espolon,0.00,0.0,0.00,0.00,0.00,0,0,0,0,0,0
1600000001137877472,1600000001137877471,1600000001137863313,Dbl Game day Spcls,Drinks,,Dbl jameson,0.00,0.0,0.00,0.00,0.00,0,0,0,0,0,0
1600000001137877474,1600000001137877473,1600000001137863313,Dbl Game day Spcls,Drinks,,Dbl crown,0.00,0.0,0.00,0.00,0.00,0,0,0,0,0,0
1600000001137891744,1600000001137891743,1600000001137863313,Dbl Game day Spcls,Drinks,,Ultra pitcher,0.00,0.0,0.00,0.00,0.00,0,0,0,0,0,0
1600000001137891746,1600000001137891745,1600000001137863313,Dbl Game day Spcls,Drinks,,Bud pitcher,0.00,0.0,0.00,0.00,0.00,0,0,0,0,0,0
1600000001137891748,1600000001137891747,1600000001137863313,Dbl Game day Spcls,Drinks,,Miller bucket-6,0.00,0.0,0.00,0.00,0.00,0,0,0,0,0,0
1600000001137892700,1600000001137891749,1600000001137863313,Dbl Game day Spcls,Drinks,,Coors bucket 6,0.00,0.0,0.00,0.00,0.00,0,0,0,0,0,0
1600000001140835558,1600000001140835557,1600000001137863313,Dbl Game day Spcls,Drinks,,Dbl titos,0.00,0.0,0.00,0.00,0.00,0,0,0,0,0,0
,,,,,,,0.00,0.0,0.00,0.00,0.00,0,0,0,0,0,0
1600000001253365504,1600000001253365503,,Monday Spcls,Drinks,,,0.00,0.0,0.00,0.00,0.00,0,0,0,0,0,0
1600000001253379898,1600000001253379897,1600000001253365504,Monday Spcls,Drinks,,Titos,0.00,0.0,0.00,0.00,0.00,0,0,0,0,0,0
1600000001253380550,1600000001253379899,1600000001253365504,Monday Spcls,Drinks,,Jack,0.00,0.0,0.00,0.00,0.00,0,0,0,0,0,0
1600000001253380552,1600000001253380551,1600000001253365504,Monday Spcls,Drinks,,Crown,0.00,0.0,0.00,0.00,0.00,0,0,0,0,0,0
1600000001253380554,1600000001253380553,1600000001253365504,Monday Spcls,Drinks,,Makers Mark,0.00,0.0,0.00,0.00,0.00,0,0,0,0,0,0
1600000001253380556,1600000001253380555,1600000001253365504,Monday Spcls,Drinks,,Rebecca,0.00,0.0,0.00,0.00,0.00,0,0,0,0,0,0
1600000001253380558,1600000001253380557,1600000001253365504,Monday Spcls,Drinks,,Espolon,0.00,0.0,0.00,0.00,0.00,0,0,0,0,0,0
,,,Gift Cards,,,,0.00,0.0,0.00,0.00,0.00,0,0,0.0,0,0,0.0
-1,-1,,Gift Cards,Gift Cards,,,0.00,0.0,0.00,0.00,0.00,0,0,0.0,0,0,0.0
,,,Open Items,,,,0.00,0.0,0.00,0.00,0.00,0,0,0.0,0,0,0.0
-1600000000018652186,-1600000000018652185,,Open Items,Open Food,,,0.00,0.0,0.00,0.00,0.00,0,0,0,0,0,0
-1600000000018652188,-1600000000018652187,,Open Items,Open Drink,,,0.00,0.0,0.00,0.00,0.00,0,0,0,0,0,0
